period_month,ug_name,uol1_name,uol2_name,servicel1_name,servicel2_name,uuaa_list,repo,repository_url,kind,branch_from,branch_to,first_contribution_date,PR_closed_date,integration_time (min)
1 jul 2025,DATA ENGINEERING,DATA ENGINEERING,DATA HUB,CS INGESTAS,CS CLIENT-360,B0HN0005|B0HN0006|CGJ70000|CMOV0000|CTAR0000|DTAU0000|EJB60000|FZPD0000|G5M30005|J7IL0004|KATC0001|KCDG0000|KCEG0005|KCPG0000|KCTD0000|KFCM0000|KMIG0004|KNFA0001|KPAN0001|KSRR0000|KSTB0000|KSZG0000|KUSU0001|KWTH0000|L9CT0000|L9SV0000|NM7R0000|NOLS0000|P68X0000|P6R10000|RE4M0000|RZUA0005|SCAT0000|TDI30000|TLHR0000,globaldevtools.bbva.com/gl_cmov_app-id-2755180_dsg/glgldh360gloqlt,https://globaldevtools.bbva.com/bitbucket/projects/GL_CMOV_APP-ID-2755180_DSG/repos/glgldh360gloqlt/browse,dataproc.jobs,feature/MVP_3Q25_c360_01_07_2025,develop,"16 jul 2025, 7:53:26","16 jul 2025, 8:05:22",11
1 jul 2025,DATA ENGINEERING,DATA ENGINEERING,DATA HUB,CS INGESTAS,CS CLIENT-360,B0HN0005|B0HN0006|CGJ70000|CMOV0000|CTAR0000|DTAU0000|EJB60000|FZPD0000|G5M30005|J7IL0004|KATC0001|KCDG0000|KCEG0005|KCPG0000|KCTD0000|KFCM0000|KMIG0004|KNFA0001|KPAN0001|KSRR0000|KSTB0000|KSZG0000|KUSU0001|KWTH0000|L9CT0000|L9SV0000|NM7R0000|NOLS0000|P68X0000|P6R10000|RE4M0000|RZUA0005|SCAT0000|TDI30000|TLHR0000,globaldevtools.bbva.com/gl_kstb_app-id-1919198_dsg/gl-cs-360-gdh-inq,https://globaldevtools.bbva.com/bitbucket/projects/GL_KSTB_APP-ID-1919198_DSG/repos/gl-cs-360-gdh-inq/browse,dataproc.jobs,feature/repo-maintenance,develop,"23 jul 2025, 12:01:10","23 jul 2025, 12:05:27",4
1 jul 2025,DATA ENGINEERING,DATA ENGINEERING,DATA HUB,CS INGESTAS,CS CLIENT-360,B0HN0005|B0HN0006|CGJ70000|CMOV0000|CTAR0000|DTAU0000|EJB60000|FZPD0000|G5M30005|J7IL0004|KATC0001|KCDG0000|KCEG0005|KCPG0000|KCTD0000|KFCM0000|KMIG0004|KNFA0001|KPAN0001|KSRR0000|KSTB0000|KSZG0000|KUSU0001|KWTH0000|L9CT0000|L9SV0000|NM7R0000|NOLS0000|P68X0000|P6R10000|RE4M0000|RZUA0005|SCAT0000|TDI30000|TLHR0000,globaldevtools.bbva.com/gl_kstb_app-id-1919198_dsg/gl-cs-360-gdh-inq,https://globaldevtools.bbva.com/bitbucket/projects/GL_KSTB_APP-ID-1919198_DSG/repos/gl-cs-360-gdh-inq/browse,dataproc.jobs,feature/update-gitignore,develop,"23 jul 2025, 11:42:35","23 jul 2025, 12:00:26",17
1 jul 2025,DATA ENGINEERING,DATA ENGINEERING,DATA HUB,CS INGESTAS,CS CLIENT-360,B0HN0005|B0HN0006|CGJ70000|CMOV0000|CTAR0000|DTAU0000|EJB60000|FZPD0000|G5M30005|J7IL0004|KATC0001|KCDG0000|KCEG0005|KCPG0000|KCTD0000|KFCM0000|KMIG0004|KNFA0001|KPAN0001|KSRR0000|KSTB0000|KSZG0000|KUSU0001|KWTH0000|L9CT0000|L9SV0000|NM7R0000|NOLS0000|P68X0000|P6R10000|RE4M0000|RZUA0005|SCAT0000|TDI30000|TLHR0000,globaldevtools.bbva.com/gl_kstb_app-id-1919198_dsg/gl-cs-360-gdh-inq,https://globaldevtools.bbva.com/bitbucket/projects/GL_KSTB_APP-ID-1919198_DSG/repos/gl-cs-360-gdh-inq/browse,dataproc.jobs,feature/DECSCLIENT-2364,develop,"11 jun 2025, 20:01:02","22 jul 2025, 14:59:38",41458
1 jul 2025,DATA ENGINEERING,DATA ENGINEERING,DATA HUB,CS INGESTAS,CS CLIENT-360,B0HN0005|B0HN0006|CGJ70000|CMOV0000|CTAR0000|DTAU0000|EJB60000|FZPD0000|G5M30005|J7IL0004|KATC0001|KCDG0000|KCEG0005|KCPG0000|KCTD0000|KFCM0000|KMIG0004|KNFA0001|KPAN0001|KSRR0000|KSTB0000|KSZG0000|KUSU0001|KWTH0000|L9CT0000|L9SV0000|NM7R0000|NOLS0000|P68X0000|P6R10000|RE4M0000|RZUA0005|SCAT0000|TDI30000|TLHR0000,globaldevtools.bbva.com/gl_fzpd_app-id-2125440_dsg/glgldh360gloqlt,https://globaldevtools.bbva.com/bitbucket/projects/GL_FZPD_APP-ID-2125440_DSG/repos/glgldh360gloqlt/browse,dataproc.jobs,feature/repo-maintenance,develop,"8 jul 2025, 20:51:48","9 jul 2025, 11:29:17",877
1 jul 2025,DATA ENGINEERING,DATA ENGINEERING,DATA HUB,CS INGESTAS,CS CLIENT-360,B0HN0005|B0HN0006|CGJ70000|CMOV0000|CTAR0000|DTAU0000|EJB60000|FZPD0000|G5M30005|J7IL0004|KATC0001|KCDG0000|KCEG0005|KCPG0000|KCTD0000|KFCM0000|KMIG0004|KNFA0001|KPAN0001|KSRR0000|KSTB0000|KSZG0000|KUSU0001|KWTH0000|L9CT0000|L9SV0000|NM7R0000|NOLS0000|P68X0000|P6R10000|RE4M0000|RZUA0005|SCAT0000|TDI30000|TLHR0000,globaldevtools.bbva.com/gl_fzpd_app-id-2125440_dsg/glgldh360gloqlt,https://globaldevtools.bbva.com/bitbucket/projects/GL_FZPD_APP-ID-2125440_DSG/repos/glgldh360gloqlt/browse,dataproc.jobs,feature/MVP_3Q25_c360_18_06_2025,develop,"27 jun 2025, 8:31:42","3 jul 2025, 9:53:08",5841
1 jul 2025,DATA ENGINEERING,DATA ENGINEERING,DATA HUB,CS INGESTAS,CS CLIENT-360,B0HN0005|B0HN0006|CGJ70000|CMOV0000|CTAR0000|DTAU0000|EJB60000|FZPD0000|G5M30005|J7IL0004|KATC0001|KCDG0000|KCEG0005|KCPG0000|KCTD0000|KFCM0000|KMIG0004|KNFA0001|KPAN0001|KSRR0000|KSTB0000|KSZG0000|KUSU0001|KWTH0000|L9CT0000|L9SV0000|NM7R0000|NOLS0000|P68X0000|P6R10000|RE4M0000|RZUA0005|SCAT0000|TDI30000|TLHR0000,globaldevtools.bbva.com/gl_l9sv_app-id-1120795_dsg/c360_datio_l9sv_ingestion,https://globaldevtools.bbva.com/bitbucket/projects/GL_L9SV_APP-ID-1120795_DSG/repos/c360_datio_l9sv_ingestion/browse,dataproc.jobs.import,feature/DECSCLIENT-2994_MarkPer,develop,"2 jul 2025, 18:26:00","2 jul 2025, 18:44:40",18
1 jul 2025,DATA ENGINEERING,DATA ENGINEERING,DATA HUB,CS INGESTAS,CS CLIENT-360,B0HN0005|B0HN0006|CGJ70000|CMOV0000|CTAR0000|DTAU0000|EJB60000|FZPD0000|G5M30005|J7IL0004|KATC0001|KCDG0000|KCEG0005|KCPG0000|KCTD0000|KFCM0000|KMIG0004|KNFA0001|KPAN0001|KSRR0000|KSTB0000|KSZG0000|KUSU0001|KWTH0000|L9CT0000|L9SV0000|NM7R0000|NOLS0000|P68X0000|P6R10000|RE4M0000|RZUA0005|SCAT0000|TDI30000|TLHR0000,globaldevtools.bbva.com/gl_l9sv_app-id-1120795_dsg/c360_datio_l9sv_ingestion,https://globaldevtools.bbva.com/bitbucket/projects/GL_L9SV_APP-ID-1120795_DSG/repos/c360_datio_l9sv_ingestion/browse,dataproc.jobs.import,feature/DECSCLIENT-3378,develop,"22 jul 2025, 10:07:48","22 jul 2025, 11:08:46",60
1 jul 2025,DATA ENGINEERING,DATA ENGINEERING,DATA HUB,CS INGESTAS,CS CLIENT-360,B0HN0005|B0HN0006|CGJ70000|CMOV0000|CTAR0000|DTAU0000|EJB60000|FZPD0000|G5M30005|J7IL0004|KATC0001|KCDG0000|KCEG0005|KCPG0000|KCTD0000|KFCM0000|KMIG0004|KNFA0001|KPAN0001|KSRR0000|KSTB0000|KSZG0000|KUSU0001|KWTH0000|L9CT0000|L9SV0000|NM7R0000|NOLS0000|P68X0000|P6R10000|RE4M0000|RZUA0005|SCAT0000|TDI30000|TLHR0000,globaldevtools.bbva.com/gl_l9sv_app-id-1120795_dsg/c360_datio_l9sv_ingestion,https://globaldevtools.bbva.com/bitbucket/projects/GL_L9SV_APP-ID-1120795_DSG/repos/c360_datio_l9sv_ingestion/browse,dataproc.jobs.import,feature/DECSCLIENT-2994_MarkPer,develop,"2 jul 2025, 15:27:05","2 jul 2025, 16:36:39",69
1 jul 2025,DATA ENGINEERING,DATA ENGINEERING,DATA HUB,CS INGESTAS,CS CLIENT-360,B0HN0005|B0HN0006|CGJ70000|CMOV0000|CTAR0000|DTAU0000|EJB60000|FZPD0000|G5M30005|J7IL0004|KATC0001|KCDG0000|KCEG0005|KCPG0000|KCTD0000|KFCM0000|KMIG0004|KNFA0001|KPAN0001|KSRR0000|KSTB0000|KSZG0000|KUSU0001|KWTH0000|L9CT0000|L9SV0000|NM7R0000|NOLS0000|P68X0000|P6R10000|RE4M0000|RZUA0005|SCAT0000|TDI30000|TLHR0000,globaldevtools.bbva.com/gl_l9sv_app-id-1120795_dsg/c360_datio_l9sv_ingestion,https://globaldevtools.bbva.com/bitbucket/projects/GL_L9SV_APP-ID-1120795_DSG/repos/c360_datio_l9sv_ingestion/browse,dataproc.jobs.import,feature/DECSCLIENT-2994_MarkPer,develop,"2 jul 2025, 17:56:14","2 jul 2025, 18:01:33",5
1 jul 2025,DATA ENGINEERING,DATA ENGINEERING,DATA HUB,CS INGESTAS,CS CLIENT-360,B0HN0005|B0HN0006|CGJ70000|CMOV0000|CTAR0000|DTAU0000|EJB60000|FZPD0000|G5M30005|J7IL0004|KATC0001|KCDG0000|KCEG0005|KCPG0000|KCTD0000|KFCM0000|KMIG0004|KNFA0001|KPAN0001|KSRR0000|KSTB0000|KSZG0000|KUSU0001|KWTH0000|L9CT0000|L9SV0000|NM7R0000|NOLS0000|P68X0000|P6R10000|RE4M0000|RZUA0005|SCAT0000|TDI30000|TLHR0000,globaldevtools.bbva.com/gl_rzua_app-id-19546_dsg/gl-cs-360-gdh-job,https://globaldevtools.bbva.com/bitbucket/projects/GL_RZUA_APP-ID-19546_DSG/repos/gl-cs-360-gdh-job/browse,dataproc.jobs,feature/DECSCLIENT-3342_GoodEmissions,develop,"16 jul 2025, 12:58:39","16 jul 2025, 13:34:44",36
1 jul 2025,DATA ENGINEERING,DATA ENGINEERING,DATA HUB,CS INGESTAS,CS CLIENT-360,B0HN0005|B0HN0006|CGJ70000|CMOV0000|CTAR0000|DTAU0000|EJB60000|FZPD0000|G5M30005|J7IL0004|KATC0001|KCDG0000|KCEG0005|KCPG0000|KCTD0000|KFCM0000|KMIG0004|KNFA0001|KPAN0001|KSRR0000|KSTB0000|KSZG0000|KUSU0001|KWTH0000|L9CT0000|L9SV0000|NM7R0000|NOLS0000|P68X0000|P6R10000|RE4M0000|RZUA0005|SCAT0000|TDI30000|TLHR0000,globaldevtools.bbva.com/gl_l9ct_app-id-219787_dsg/gl-cs-360-gdh-inq,https://globaldevtools.bbva.com/bitbucket/projects/GL_L9CT_APP-ID-219787_DSG/repos/gl-cs-360-gdh-inq/browse,dataproc.jobs,feature/reseciones,develop,"9 jul 2025, 14:56:55","9 jul 2025, 16:13:47",76
1 jul 2025,DATA ENGINEERING,DATA ENGINEERING,DATA HUB,CS INGESTAS,CS CLIENT-360,B0HN0005|B0HN0006|CGJ70000|CMOV0000|CTAR0000|DTAU0000|EJB60000|FZPD0000|G5M30005|J7IL0004|KATC0001|KCDG0000|KCEG0005|KCPG0000|KCTD0000|KFCM0000|KMIG0004|KNFA0001|KPAN0001|KSRR0000|KSTB0000|KSZG0000|KUSU0001|KWTH0000|L9CT0000|L9SV0000|NM7R0000|NOLS0000|P68X0000|P6R10000|RE4M0000|RZUA0005|SCAT0000|TDI30000|TLHR0000,globaldevtools.bbva.com/gl_l9ct_app-id-219787_dsg/gl-cs-360-gdh-inq,https://globaldevtools.bbva.com/bitbucket/projects/GL_L9CT_APP-ID-219787_DSG/repos/gl-cs-360-gdh-inq/browse,dataproc.jobs,feature/NuevoDesarrollo,develop,"11 jul 2025, 7:15:04","11 jul 2025, 10:56:51",221
1 jul 2025,DATA ENGINEERING,DATA ENGINEERING,DATA HUB,CS INGESTAS,CS CLIENT-360,B0HN0005|B0HN0006|CGJ70000|CMOV0000|CTAR0000|DTAU0000|EJB60000|FZPD0000|G5M30005|J7IL0004|KATC0001|KCDG0000|KCEG0005|KCPG0000|KCTD0000|KFCM0000|KMIG0004|KNFA0001|KPAN0001|KSRR0000|KSTB0000|KSZG0000|KUSU0001|KWTH0000|L9CT0000|L9SV0000|NM7R0000|NOLS0000|P68X0000|P6R10000|RE4M0000|RZUA0005|SCAT0000|TDI30000|TLHR0000,globaldevtools.bbva.com/gl_cgj7_app-id-23154_dsg/glgldh360gloqlt,https://globaldevtools.bbva.com/bitbucket/projects/GL_CGJ7_APP-ID-23154_DSG/repos/glgldh360gloqlt/browse,dataproc.jobs,feature/MVP_3Q25_c360_17_07_2025,develop,"22 jul 2025, 10:06:06","22 jul 2025, 10:45:26",39
1 jul 2025,DATA ENGINEERING,DATA ENGINEERING,DATA HUB,CS INGESTAS,CS CLIENT-360,B0HN0005|B0HN0006|CGJ70000|CMOV0000|CTAR0000|DTAU0000|EJB60000|FZPD0000|G5M30005|J7IL0004|KATC0001|KCDG0000|KCEG0005|KCPG0000|KCTD0000|KFCM0000|KMIG0004|KNFA0001|KPAN0001|KSRR0000|KSTB0000|KSZG0000|KUSU0001|KWTH0000|L9CT0000|L9SV0000|NM7R0000|NOLS0000|P68X0000|P6R10000|RE4M0000|RZUA0005|SCAT0000|TDI30000|TLHR0000,globaldevtools.bbva.com/gl_cgj7_app-id-23154_dsg/glgldh360gloqlt,https://globaldevtools.bbva.com/bitbucket/projects/GL_CGJ7_APP-ID-23154_DSG/repos/glgldh360gloqlt/browse,dataproc.jobs,feature/MVP_3Q25_c360_10_07_2025,develop,"23 jul 2025, 7:55:13","23 jul 2025, 8:25:54",30
1 jul 2025,DATA ENGINEERING,DATA ENGINEERING,DATA HUB,CS INGESTAS,CS CLIENT-360,B0HN0005|B0HN0006|CGJ70000|CMOV0000|CTAR0000|DTAU0000|EJB60000|FZPD0000|G5M30005|J7IL0004|KATC0001|KCDG0000|KCEG0005|KCPG0000|KCTD0000|KFCM0000|KMIG0004|KNFA0001|KPAN0001|KSRR0000|KSTB0000|KSZG0000|KUSU0001|KWTH0000|L9CT0000|L9SV0000|NM7R0000|NOLS0000|P68X0000|P6R10000|RE4M0000|RZUA0005|SCAT0000|TDI30000|TLHR0000,globaldevtools.bbva.com/gl_kctd_app-id-17832_dsg/gl-cs-360-gdh-inq,https://globaldevtools.bbva.com/bitbucket/projects/GL_KCTD_APP-ID-17832_DSG/repos/gl-cs-360-gdh-inq/browse,dataproc.jobs,feature/mtool-redespliegue,develop,"22 jul 2025, 11:37:32","22 jul 2025, 11:43:36",6
1 jul 2025,DATA ENGINEERING,DATA ENGINEERING,DATA HUB,CS INGESTAS,CS CLIENT-360,B0HN0005|B0HN0006|CGJ70000|CMOV0000|CTAR0000|DTAU0000|EJB60000|FZPD0000|G5M30005|J7IL0004|KATC0001|KCDG0000|KCEG0005|KCPG0000|KCTD0000|KFCM0000|KMIG0004|KNFA0001|KPAN0001|KSRR0000|KSTB0000|KSZG0000|KUSU0001|KWTH0000|L9CT0000|L9SV0000|NM7R0000|NOLS0000|P68X0000|P6R10000|RE4M0000|RZUA0005|SCAT0000|TDI30000|TLHR0000,globaldevtools.bbva.com/gl_kctd_app-id-17832_dsg/gl-cs-360-gdh-inq,https://globaldevtools.bbva.com/bitbucket/projects/GL_KCTD_APP-ID-17832_DSG/repos/gl-cs-360-gdh-inq/browse,dataproc.jobs,feature/mtool_KCTD_PE,develop,"14 jul 2025, 6:45:56","14 jul 2025, 7:08:12",22
1 jul 2025,DATA ENGINEERING,DATA ENGINEERING,DATA HUB,CS INGESTAS,CS CLIENT-360,B0HN0005|B0HN0006|CGJ70000|CMOV0000|CTAR0000|DTAU0000|EJB60000|FZPD0000|G5M30005|J7IL0004|KATC0001|KCDG0000|KCEG0005|KCPG0000|KCTD0000|KFCM0000|KMIG0004|KNFA0001|KPAN0001|KSRR0000|KSTB0000|KSZG0000|KUSU0001|KWTH0000|L9CT0000|L9SV0000|NM7R0000|NOLS0000|P68X0000|P6R10000|RE4M0000|RZUA0005|SCAT0000|TDI30000|TLHR0000,globaldevtools.bbva.com/gl_kctd_app-id-17832_dsg/gl-cs-360-gdh-job,https://globaldevtools.bbva.com/bitbucket/projects/GL_KCTD_APP-ID-17832_DSG/repos/gl-cs-360-gdh-job/browse,dataproc.jobs,feature/digital-interaction-nulls,develop,"4 jul 2025, 10:20:12","4 jul 2025, 10:41:06",20
1 jul 2025,DATA ENGINEERING,DATA ENGINEERING,DATA HUB,CS INGESTAS,CS CLIENT-360,B0HN0005|B0HN0006|CGJ70000|CMOV0000|CTAR0000|DTAU0000|EJB60000|FZPD0000|G5M30005|J7IL0004|KATC0001|KCDG0000|KCEG0005|KCPG0000|KCTD0000|KFCM0000|KMIG0004|KNFA0001|KPAN0001|KSRR0000|KSTB0000|KSZG0000|KUSU0001|KWTH0000|L9CT0000|L9SV0000|NM7R0000|NOLS0000|P68X0000|P6R10000|RE4M0000|RZUA0005|SCAT0000|TDI30000|TLHR0000,globaldevtools.bbva.com/gl_fzpd_app-id-2125440_dsg/gl-cs-360-gdh-job,https://globaldevtools.bbva.com/bitbucket/projects/GL_FZPD_APP-ID-2125440_DSG/repos/gl-cs-360-gdh-job/browse,dataproc.jobs,feature/NuevaVersion,develop,"17 jul 2025, 7:00:20","17 jul 2025, 7:13:26",13
1 jul 2025,DATA ENGINEERING,DATA ENGINEERING,DATA HUB,CS INGESTAS,CS CLIENT-360,B0HN0005|B0HN0006|CGJ70000|CMOV0000|CTAR0000|DTAU0000|EJB60000|FZPD0000|G5M30005|J7IL0004|KATC0001|KCDG0000|KCEG0005|KCPG0000|KCTD0000|KFCM0000|KMIG0004|KNFA0001|KPAN0001|KSRR0000|KSTB0000|KSZG0000|KUSU0001|KWTH0000|L9CT0000|L9SV0000|NM7R0000|NOLS0000|P68X0000|P6R10000|RE4M0000|RZUA0005|SCAT0000|TDI30000|TLHR0000,globaldevtools.bbva.com/gl_fzpd_app-id-2125440_dsg/gl-cs-360-gdh-job,https://globaldevtools.bbva.com/bitbucket/projects/GL_FZPD_APP-ID-2125440_DSG/repos/gl-cs-360-gdh-job/browse,dataproc.jobs,feature/NuevaVersion,develop,"18 jul 2025, 9:30:16","18 jul 2025, 9:44:29",14
1 jul 2025,DATA ENGINEERING,DATA ENGINEERING,DATA HUB,CS INGESTAS,CS CLIENT-360,B0HN0005|B0HN0006|CGJ70000|CMOV0000|CTAR0000|DTAU0000|EJB60000|FZPD0000|G5M30005|J7IL0004|KATC0001|KCDG0000|KCEG0005|KCPG0000|KCTD0000|KFCM0000|KMIG0004|KNFA0001|KPAN0001|KSRR0000|KSTB0000|KSZG0000|KUSU0001|KWTH0000|L9CT0000|L9SV0000|NM7R0000|NOLS0000|P68X0000|P6R10000|RE4M0000|RZUA0005|SCAT0000|TDI30000|TLHR0000,globaldevtools.bbva.com/gl_fzpd_app-id-2125440_dsg/gl-cs-360-gdh-job,https://globaldevtools.bbva.com/bitbucket/projects/GL_FZPD_APP-ID-2125440_DSG/repos/gl-cs-360-gdh-job/browse,dataproc.jobs,feature/NuevaVersion,develop,"18 jul 2025, 7:00:02","18 jul 2025, 7:27:28",27
1 jul 2025,DATA ENGINEERING,DATA ENGINEERING,DATA HUB,CS INGESTAS,CS CLIENT-360,B0HN0005|B0HN0006|CGJ70000|CMOV0000|CTAR0000|DTAU0000|EJB60000|FZPD0000|G5M30005|J7IL0004|KATC0001|KCDG0000|KCEG0005|KCPG0000|KCTD0000|KFCM0000|KMIG0004|KNFA0001|KPAN0001|KSRR0000|KSTB0000|KSZG0000|KUSU0001|KWTH0000|L9CT0000|L9SV0000|NM7R0000|NOLS0000|P68X0000|P6R10000|RE4M0000|RZUA0005|SCAT0000|TDI30000|TLHR0000,globaldevtools.bbva.com/gl_kfcm_app-id-26255_dsg/glgldh360gloqlt,https://globaldevtools.bbva.com/bitbucket/projects/GL_KFCM_APP-ID-26255_DSG/repos/glgldh360gloqlt/browse,dataproc.jobs,feature/MVP_3Q25_c360_10_07_2025,develop,"23 jul 2025, 6:55:40","23 jul 2025, 8:27:19",91
1 jul 2025,DATA ENGINEERING,DATA ENGINEERING,DATA HUB,CS INGESTAS,CS CLIENT-360,B0HN0005|B0HN0006|CGJ70000|CMOV0000|CTAR0000|DTAU0000|EJB60000|FZPD0000|G5M30005|J7IL0004|KATC0001|KCDG0000|KCEG0005|KCPG0000|KCTD0000|KFCM0000|KMIG0004|KNFA0001|KPAN0001|KSRR0000|KSTB0000|KSZG0000|KUSU0001|KWTH0000|L9CT0000|L9SV0000|NM7R0000|NOLS0000|P68X0000|P6R10000|RE4M0000|RZUA0005|SCAT0000|TDI30000|TLHR0000,globaldevtools.bbva.com/gl_kstb_app-id-1919198_dsg/uwuod_datio_kstb_operations_board,https://globaldevtools.bbva.com/bitbucket/projects/GL_KSTB_APP-ID-1919198_DSG/repos/uwuod_datio_kstb_operations_board/browse,dataproc.jobs.import,feature/add-unit-tests,develop,"23 jul 2025, 8:26:30","23 jul 2025, 8:59:55",33
1 jul 2025,DATA ENGINEERING,DATA ENGINEERING,DATA HUB,CS INGESTAS,CS CLIENT-360,B0HN0005|B0HN0006|CGJ70000|CMOV0000|CTAR0000|DTAU0000|EJB60000|FZPD0000|G5M30005|J7IL0004|KATC0001|KCDG0000|KCEG0005|KCPG0000|KCTD0000|KFCM0000|KMIG0004|KNFA0001|KPAN0001|KSRR0000|KSTB0000|KSZG0000|KUSU0001|KWTH0000|L9CT0000|L9SV0000|NM7R0000|NOLS0000|P68X0000|P6R10000|RE4M0000|RZUA0005|SCAT0000|TDI30000|TLHR0000,globaldevtools.bbva.com/gl_kstb_app-id-1919198_dsg/uwuod_datio_kstb_operations_board,https://globaldevtools.bbva.com/bitbucket/projects/GL_KSTB_APP-ID-1919198_DSG/repos/uwuod_datio_kstb_operations_board/browse,dataproc.jobs.import,feature/DSCSCLIENT-2366,develop,"16 jul 2025, 11:04:12","22 jul 2025, 14:27:03",5962
1 jul 2025,DATA ENGINEERING,DATA ENGINEERING,DATA HUB,CS INGESTAS,CS CLIENT-360,B0HN0005|B0HN0006|CGJ70000|CMOV0000|CTAR0000|DTAU0000|EJB60000|FZPD0000|G5M30005|J7IL0004|KATC0001|KCDG0000|KCEG0005|KCPG0000|KCTD0000|KFCM0000|KMIG0004|KNFA0001|KPAN0001|KSRR0000|KSTB0000|KSZG0000|KUSU0001|KWTH0000|L9CT0000|L9SV0000|NM7R0000|NOLS0000|P68X0000|P6R10000|RE4M0000|RZUA0005|SCAT0000|TDI30000|TLHR0000,globaldevtools.bbva.com/gl_kstb_app-id-1919198_dsg/uwuod_datio_kstb_operations_board,https://globaldevtools.bbva.com/bitbucket/projects/GL_KSTB_APP-ID-1919198_DSG/repos/uwuod_datio_kstb_operations_board/browse,dataproc.jobs.import,feature/repo-maintenance,develop,"23 jul 2025, 8:08:54","23 jul 2025, 8:17:17",8
1 jul 2025,DATA ENGINEERING,DATA ENGINEERING,DATA HUB,CS INGESTAS,CS CLIENT-360,B0HN0005|B0HN0006|CGJ70000|CMOV0000|CTAR0000|DTAU0000|EJB60000|FZPD0000|G5M30005|J7IL0004|KATC0001|KCDG0000|KCEG0005|KCPG0000|KCTD0000|KFCM0000|KMIG0004|KNFA0001|KPAN0001|KSRR0000|KSTB0000|KSZG0000|KUSU0001|KWTH0000|L9CT0000|L9SV0000|NM7R0000|NOLS0000|P68X0000|P6R10000|RE4M0000|RZUA0005|SCAT0000|TDI30000|TLHR0000,globaldevtools.bbva.com/gl_kstb_app-id-1919198_dsg/uwuod_datio_kstb_operations_board,https://globaldevtools.bbva.com/bitbucket/projects/GL_KSTB_APP-ID-1919198_DSG/repos/uwuod_datio_kstb_operations_board/browse,dataproc.jobs.import,feature/add-unit-tests,develop,"23 jul 2025, 10:05:36","23 jul 2025, 10:40:31",34
1 jul 2025,DATA ENGINEERING,DATA ENGINEERING,DATA HUB,CS INGESTAS,CS CLIENT-360,B0HN0005|B0HN0006|CGJ70000|CMOV0000|CTAR0000|DTAU0000|EJB60000|FZPD0000|G5M30005|J7IL0004|KATC0001|KCDG0000|KCEG0005|KCPG0000|KCTD0000|KFCM0000|KMIG0004|KNFA0001|KPAN0001|KSRR0000|KSTB0000|KSZG0000|KUSU0001|KWTH0000|L9CT0000|L9SV0000|NM7R0000|NOLS0000|P68X0000|P6R10000|RE4M0000|RZUA0005|SCAT0000|TDI30000|TLHR0000,globaldevtools.bbva.com/gl_kstb_app-id-1919198_dsg/uwuod_datio_kstb_operations_board,https://globaldevtools.bbva.com/bitbucket/projects/GL_KSTB_APP-ID-1919198_DSG/repos/uwuod_datio_kstb_operations_board/browse,dataproc.jobs.import,feature/use-sonarqube-10,develop,"14 jul 2025, 7:26:02","14 jul 2025, 8:18:37",52
1 jul 2025,DATA ENGINEERING,DATA ENGINEERING,DATA HUB,CS INGESTAS,CS CLIENT-360,B0HN0005|B0HN0006|CGJ70000|CMOV0000|CTAR0000|DTAU0000|EJB60000|FZPD0000|G5M30005|J7IL0004|KATC0001|KCDG0000|KCEG0005|KCPG0000|KCTD0000|KFCM0000|KMIG0004|KNFA0001|KPAN0001|KSRR0000|KSTB0000|KSZG0000|KUSU0001|KWTH0000|L9CT0000|L9SV0000|NM7R0000|NOLS0000|P68X0000|P6R10000|RE4M0000|RZUA0005|SCAT0000|TDI30000|TLHR0000,globaldevtools.bbva.com/gl_g5m3_app-id-23164_dsg/gl-cs-360-gdh-scl-sosteniblidad,https://globaldevtools.bbva.com/bitbucket/projects/GL_G5M3_APP-ID-23164_DSG/repos/gl-cs-360-gdh-scl-sosteniblidad/browse,datio.job,feature/DECSCLIENT-3235,develop,"2 jul 2025, 11:01:28","2 jul 2025, 11:22:24",20
1 jul 2025,DATA ENGINEERING,DATA ENGINEERING,DATA HUB,CS INGESTAS,CS CLIENT-360,B0HN0005|B0HN0006|CGJ70000|CMOV0000|CTAR0000|DTAU0000|EJB60000|FZPD0000|G5M30005|J7IL0004|KATC0001|KCDG0000|KCEG0005|KCPG0000|KCTD0000|KFCM0000|KMIG0004|KNFA0001|KPAN0001|KSRR0000|KSTB0000|KSZG0000|KUSU0001|KWTH0000|L9CT0000|L9SV0000|NM7R0000|NOLS0000|P68X0000|P6R10000|RE4M0000|RZUA0005|SCAT0000|TDI30000|TLHR0000,globaldevtools.bbva.com/gl_g5m3_app-id-23164_dsg/gl-cs-360-gdh-scl-sosteniblidad,https://globaldevtools.bbva.com/bitbucket/projects/GL_G5M3_APP-ID-23164_DSG/repos/gl-cs-360-gdh-scl-sosteniblidad/browse,datio.job,feature/DECSCLIENT-3235,develop,"2 jul 2025, 13:17:58","3 jul 2025, 7:23:15",1085
1 jul 2025,DATA ENGINEERING,DATA ENGINEERING,DATA HUB,CS INGESTAS,CS CLIENT-360,B0HN0005|B0HN0006|CGJ70000|CMOV0000|CTAR0000|DTAU0000|EJB60000|FZPD0000|G5M30005|J7IL0004|KATC0001|KCDG0000|KCEG0005|KCPG0000|KCTD0000|KFCM0000|KMIG0004|KNFA0001|KPAN0001|KSRR0000|KSTB0000|KSZG0000|KUSU0001|KWTH0000|L9CT0000|L9SV0000|NM7R0000|NOLS0000|P68X0000|P6R10000|RE4M0000|RZUA0005|SCAT0000|TDI30000|TLHR0000,globaldevtools.bbva.com/gl_kctd_app-id-17832_dsg/komn_kctd_adobe_analytics,https://globaldevtools.bbva.com/bitbucket/projects/GL_KCTD_APP-ID-17832_DSG/repos/komn_kctd_adobe_analytics/browse,dataproc.jobs.import,feature/nulls-digital-interaction,develop,"4 jul 2025, 6:42:03","4 jul 2025, 7:45:40",63
1 jul 2025,DATA ENGINEERING,DATA ENGINEERING,DATA HUB,CS INGESTAS,CS CLIENT-360,B0HN0005|B0HN0006|CGJ70000|CMOV0000|CTAR0000|DTAU0000|EJB60000|FZPD0000|G5M30005|J7IL0004|KATC0001|KCDG0000|KCEG0005|KCPG0000|KCTD0000|KFCM0000|KMIG0004|KNFA0001|KPAN0001|KSRR0000|KSTB0000|KSZG0000|KUSU0001|KWTH0000|L9CT0000|L9SV0000|NM7R0000|NOLS0000|P68X0000|P6R10000|RE4M0000|RZUA0005|SCAT0000|TDI30000|TLHR0000,globaldevtools.bbva.com/gl_ejb6_app-id-169045_dsg/c360_datio_ejb6_ingestion,https://globaldevtools.bbva.com/bitbucket/projects/GL_EJB6_APP-ID-169045_DSG/repos/c360_datio_ejb6_ingestion/browse,dataproc.jobs.import,feature/format-repo,develop,"7 jul 2025, 9:55:07","7 jul 2025, 10:10:04",14
1 jul 2025,DATA ENGINEERING,DATA ENGINEERING,DATA HUB,CS INGESTAS,CS CLIENT-360,B0HN0005|B0HN0006|CGJ70000|CMOV0000|CTAR0000|DTAU0000|EJB60000|FZPD0000|G5M30005|J7IL0004|KATC0001|KCDG0000|KCEG0005|KCPG0000|KCTD0000|KFCM0000|KMIG0004|KNFA0001|KPAN0001|KSRR0000|KSTB0000|KSZG0000|KUSU0001|KWTH0000|L9CT0000|L9SV0000|NM7R0000|NOLS0000|P68X0000|P6R10000|RE4M0000|RZUA0005|SCAT0000|TDI30000|TLHR0000,globaldevtools.bbva.com/gl_ejb6_app-id-169045_dsg/c360_datio_ejb6_ingestion,https://globaldevtools.bbva.com/bitbucket/projects/GL_EJB6_APP-ID-169045_DSG/repos/c360_datio_ejb6_ingestion/browse,dataproc.jobs.import,feature/update-gitignore,develop,null,"2 jul 2025, 10:11:34",null
1 jul 2025,DATA ENGINEERING,DATA ENGINEERING,DATA HUB,CS INGESTAS,CS CLIENT-360,B0HN0005|B0HN0006|CGJ70000|CMOV0000|CTAR0000|DTAU0000|EJB60000|FZPD0000|G5M30005|J7IL0004|KATC0001|KCDG0000|KCEG0005|KCPG0000|KCTD0000|KFCM0000|KMIG0004|KNFA0001|KPAN0001|KSRR0000|KSTB0000|KSZG0000|KUSU0001|KWTH0000|L9CT0000|L9SV0000|NM7R0000|NOLS0000|P68X0000|P6R10000|RE4M0000|RZUA0005|SCAT0000|TDI30000|TLHR0000,globaldevtools.bbva.com/gl_ejb6_app-id-169045_dsg/c360_datio_ejb6_ingestion,https://globaldevtools.bbva.com/bitbucket/projects/GL_EJB6_APP-ID-169045_DSG/repos/c360_datio_ejb6_ingestion/browse,dataproc.jobs.import,feature/format-repo,develop,"10 jul 2025, 11:29:12","10 jul 2025, 11:33:36",4
1 jul 2025,DATA ENGINEERING,DATA ENGINEERING,DATA HUB,CS INGESTAS,CS CLIENT-360,B0HN0005|B0HN0006|CGJ70000|CMOV0000|CTAR0000|DTAU0000|EJB60000|FZPD0000|G5M30005|J7IL0004|KATC0001|KCDG0000|KCEG0005|KCPG0000|KCTD0000|KFCM0000|KMIG0004|KNFA0001|KPAN0001|KSRR0000|KSTB0000|KSZG0000|KUSU0001|KWTH0000|L9CT0000|L9SV0000|NM7R0000|NOLS0000|P68X0000|P6R10000|RE4M0000|RZUA0005|SCAT0000|TDI30000|TLHR0000,globaldevtools.bbva.com/gl_ejb6_app-id-169045_dsg/c360_datio_ejb6_ingestion,https://globaldevtools.bbva.com/bitbucket/projects/GL_EJB6_APP-ID-169045_DSG/repos/c360_datio_ejb6_ingestion/browse,dataproc.jobs.import,feature/CambioEstructura,develop,"23 jun 2025, 12:23:32","1 jul 2025, 10:29:33",8526
1 jul 2025,DATA ENGINEERING,DATA ENGINEERING,DATA HUB,CS INGESTAS,CS CLIENT-360,B0HN0005|B0HN0006|CGJ70000|CMOV0000|CTAR0000|DTAU0000|EJB60000|FZPD0000|G5M30005|J7IL0004|KATC0001|KCDG0000|KCEG0005|KCPG0000|KCTD0000|KFCM0000|KMIG0004|KNFA0001|KPAN0001|KSRR0000|KSTB0000|KSZG0000|KUSU0001|KWTH0000|L9CT0000|L9SV0000|NM7R0000|NOLS0000|P68X0000|P6R10000|RE4M0000|RZUA0005|SCAT0000|TDI30000|TLHR0000,globaldevtools.bbva.com/gl_ejb6_app-id-169045_dsg/c360_datio_ejb6_ingestion,https://globaldevtools.bbva.com/bitbucket/projects/GL_EJB6_APP-ID-169045_DSG/repos/c360_datio_ejb6_ingestion/browse,dataproc.jobs.import,feature/update-gitignore,develop,"22 jul 2025, 8:10:16","22 jul 2025, 8:14:27",4
1 jul 2025,DATA ENGINEERING,DATA ENGINEERING,DATA HUB,CS INGESTAS,CS CLIENT-360,B0HN0005|B0HN0006|CGJ70000|CMOV0000|CTAR0000|DTAU0000|EJB60000|FZPD0000|G5M30005|J7IL0004|KATC0001|KCDG0000|KCEG0005|KCPG0000|KCTD0000|KFCM0000|KMIG0004|KNFA0001|KPAN0001|KSRR0000|KSTB0000|KSZG0000|KUSU0001|KWTH0000|L9CT0000|L9SV0000|NM7R0000|NOLS0000|P68X0000|P6R10000|RE4M0000|RZUA0005|SCAT0000|TDI30000|TLHR0000,globaldevtools.bbva.com/gl_fzpd_app-id-2125440_dsg/gl-cs-360-gdh-inq,https://globaldevtools.bbva.com/bitbucket/projects/GL_FZPD_APP-ID-2125440_DSG/repos/gl-cs-360-gdh-inq/browse,dataproc.jobs,feature/NuevoDesarrollo,develop,"14 jul 2025, 11:40:19","15 jul 2025, 6:55:26",1155
1 jul 2025,DATA ENGINEERING,DATA ENGINEERING,DATA HUB,CS INGESTAS,CS CLIENT-360,B0HN0005|B0HN0006|CGJ70000|CMOV0000|CTAR0000|DTAU0000|EJB60000|FZPD0000|G5M30005|J7IL0004|KATC0001|KCDG0000|KCEG0005|KCPG0000|KCTD0000|KFCM0000|KMIG0004|KNFA0001|KPAN0001|KSRR0000|KSTB0000|KSZG0000|KUSU0001|KWTH0000|L9CT0000|L9SV0000|NM7R0000|NOLS0000|P68X0000|P6R10000|RE4M0000|RZUA0005|SCAT0000|TDI30000|TLHR0000,globaldevtools.bbva.com/gl_fzpd_app-id-2125440_dsg/gl-cs-360-gdh-inq,https://globaldevtools.bbva.com/bitbucket/projects/GL_FZPD_APP-ID-2125440_DSG/repos/gl-cs-360-gdh-inq/browse,dataproc.jobs,feature/NuevoDesarrollo,develop,"15 jul 2025, 7:05:05","15 jul 2025, 8:42:04",96
1 jul 2025,DATA ENGINEERING,DATA ENGINEERING,DATA HUB,CS INGESTAS,CS CLIENT-360,B0HN0005|B0HN0006|CGJ70000|CMOV0000|CTAR0000|DTAU0000|EJB60000|FZPD0000|G5M30005|J7IL0004|KATC0001|KCDG0000|KCEG0005|KCPG0000|KCTD0000|KFCM0000|KMIG0004|KNFA0001|KPAN0001|KSRR0000|KSTB0000|KSZG0000|KUSU0001|KWTH0000|L9CT0000|L9SV0000|NM7R0000|NOLS0000|P68X0000|P6R10000|RE4M0000|RZUA0005|SCAT0000|TDI30000|TLHR0000,globaldevtools.bbva.com/gl_kcpg_app-id-26206_dsg/gl_dh_adv_gdh_scl_budgetprogress,https://globaldevtools.bbva.com/bitbucket/projects/GL_KCPG_APP-ID-26206_DSG/repos/gl_dh_adv_gdh_scl_budgetprogress/browse,dataproc.jobs,feature/pk-change,develop,"21 jul 2025, 9:43:23","21 jul 2025, 10:08:19",24
1 jul 2025,DATA ENGINEERING,DATA ENGINEERING,DATA HUB,CS INGESTAS,CS CLIENT-360,B0HN0005|B0HN0006|CGJ70000|CMOV0000|CTAR0000|DTAU0000|EJB60000|FZPD0000|G5M30005|J7IL0004|KATC0001|KCDG0000|KCEG0005|KCPG0000|KCTD0000|KFCM0000|KMIG0004|KNFA0001|KPAN0001|KSRR0000|KSTB0000|KSZG0000|KUSU0001|KWTH0000|L9CT0000|L9SV0000|NM7R0000|NOLS0000|P68X0000|P6R10000|RE4M0000|RZUA0005|SCAT0000|TDI30000|TLHR0000,globaldevtools.bbva.com/gl_g5m3_app-id-23164_dsg/glgldh360gloqlt,https://globaldevtools.bbva.com/bitbucket/projects/GL_G5M3_APP-ID-23164_DSG/repos/glgldh360gloqlt/browse,dataproc.jobs,feature/MVP_3Q25_c360_17_07_2025,develop,"28 jul 2025, 8:02:04","28 jul 2025, 8:19:57",17
1 jul 2025,DATA ENGINEERING,DATA ENGINEERING,DATA HUB,CS INGESTAS,CS CLIENT-360,B0HN0005|B0HN0006|CGJ70000|CMOV0000|CTAR0000|DTAU0000|EJB60000|FZPD0000|G5M30005|J7IL0004|KATC0001|KCDG0000|KCEG0005|KCPG0000|KCTD0000|KFCM0000|KMIG0004|KNFA0001|KPAN0001|KSRR0000|KSTB0000|KSZG0000|KUSU0001|KWTH0000|L9CT0000|L9SV0000|NM7R0000|NOLS0000|P68X0000|P6R10000|RE4M0000|RZUA0005|SCAT0000|TDI30000|TLHR0000,globaldevtools.bbva.com/gl_g5m3_app-id-23164_dsg/glgldh360gloqlt,https://globaldevtools.bbva.com/bitbucket/projects/GL_G5M3_APP-ID-23164_DSG/repos/glgldh360gloqlt/browse,dataproc.jobs,feature/repo-maintenance,develop,"8 jul 2025, 20:51:56","9 jul 2025, 11:29:02",877
1 jul 2025,DATA ENGINEERING,DATA ENGINEERING,DATA HUB,CS INGESTAS,CS CLIENT-360,B0HN0005|B0HN0006|CGJ70000|CMOV0000|CTAR0000|DTAU0000|EJB60000|FZPD0000|G5M30005|J7IL0004|KATC0001|KCDG0000|KCEG0005|KCPG0000|KCTD0000|KFCM0000|KMIG0004|KNFA0001|KPAN0001|KSRR0000|KSTB0000|KSZG0000|KUSU0001|KWTH0000|L9CT0000|L9SV0000|NM7R0000|NOLS0000|P68X0000|P6R10000|RE4M0000|RZUA0005|SCAT0000|TDI30000|TLHR0000,globaldevtools.bbva.com/gl_g5m3_app-id-23164_dsg/glgldh360gloqlt,https://globaldevtools.bbva.com/bitbucket/projects/GL_G5M3_APP-ID-23164_DSG/repos/glgldh360gloqlt/browse,dataproc.jobs,feature/MVP_3Q25_c360_18_06_2025,develop,"30 jun 2025, 11:47:06","3 jul 2025, 9:53:12",4206
1 jul 2025,DATA ENGINEERING,DATA ENGINEERING,DATA HUB,CS INGESTAS,CS CLIENT-360,B0HN0005|B0HN0006|CGJ70000|CMOV0000|CTAR0000|DTAU0000|EJB60000|FZPD0000|G5M30005|J7IL0004|KATC0001|KCDG0000|KCEG0005|KCPG0000|KCTD0000|KFCM0000|KMIG0004|KNFA0001|KPAN0001|KSRR0000|KSTB0000|KSZG0000|KUSU0001|KWTH0000|L9CT0000|L9SV0000|NM7R0000|NOLS0000|P68X0000|P6R10000|RE4M0000|RZUA0005|SCAT0000|TDI30000|TLHR0000,globaldevtools.bbva.com/gl_g5m3_app-id-23164_dsg/glgldh360gloqlt,https://globaldevtools.bbva.com/bitbucket/projects/GL_G5M3_APP-ID-23164_DSG/repos/glgldh360gloqlt/browse,dataproc.jobs,feature/update-gitignore,develop,"9 jul 2025, 11:50:16","9 jul 2025, 12:04:14",13
1 jul 2025,DATA ENGINEERING,DATA ENGINEERING,DATA HUB,CS INGESTAS,CS CLIENT-360,B0HN0005|B0HN0006|CGJ70000|CMOV0000|CTAR0000|DTAU0000|EJB60000|FZPD0000|G5M30005|J7IL0004|KATC0001|KCDG0000|KCEG0005|KCPG0000|KCTD0000|KFCM0000|KMIG0004|KNFA0001|KPAN0001|KSRR0000|KSTB0000|KSZG0000|KUSU0001|KWTH0000|L9CT0000|L9SV0000|NM7R0000|NOLS0000|P68X0000|P6R10000|RE4M0000|RZUA0005|SCAT0000|TDI30000|TLHR0000,globaldevtools.bbva.com/gl_kctd_app-id-17832_dsg/glgldh360gloqlt,https://globaldevtools.bbva.com/bitbucket/projects/GL_KCTD_APP-ID-17832_DSG/repos/glgldh360gloqlt/browse,dataproc.jobs,feature/repo-maintenance,develop,"8 jul 2025, 20:52:14","9 jul 2025, 11:28:52",876
1 jul 2025,DATA ENGINEERING,DATA ENGINEERING,DATA HUB,CS INGESTAS,CS CLIENT-360,B0HN0005|B0HN0006|CGJ70000|CMOV0000|CTAR0000|DTAU0000|EJB60000|FZPD0000|G5M30005|J7IL0004|KATC0001|KCDG0000|KCEG0005|KCPG0000|KCTD0000|KFCM0000|KMIG0004|KNFA0001|KPAN0001|KSRR0000|KSTB0000|KSZG0000|KUSU0001|KWTH0000|L9CT0000|L9SV0000|NM7R0000|NOLS0000|P68X0000|P6R10000|RE4M0000|RZUA0005|SCAT0000|TDI30000|TLHR0000,globaldevtools.bbva.com/gl_kctd_app-id-17832_dsg/glgldh360gloqlt,https://globaldevtools.bbva.com/bitbucket/projects/GL_KCTD_APP-ID-17832_DSG/repos/glgldh360gloqlt/browse,dataproc.jobs,feature/update-gitignore,develop,"9 jul 2025, 11:50:18","9 jul 2025, 12:03:18",12
1 jul 2025,DATA ENGINEERING,DATA ENGINEERING,DATA HUB,CS INGESTAS,CS CLIENT-360,B0HN0005|B0HN0006|CGJ70000|CMOV0000|CTAR0000|DTAU0000|EJB60000|FZPD0000|G5M30005|J7IL0004|KATC0001|KCDG0000|KCEG0005|KCPG0000|KCTD0000|KFCM0000|KMIG0004|KNFA0001|KPAN0001|KSRR0000|KSTB0000|KSZG0000|KUSU0001|KWTH0000|L9CT0000|L9SV0000|NM7R0000|NOLS0000|P68X0000|P6R10000|RE4M0000|RZUA0005|SCAT0000|TDI30000|TLHR0000,globaldevtools.bbva.com/gl_kctd_app-id-17832_dsg/glgldh360gloqlt,https://globaldevtools.bbva.com/bitbucket/projects/GL_KCTD_APP-ID-17832_DSG/repos/glgldh360gloqlt/browse,dataproc.jobs,feature/MVP_3Q25_c360_18_06_2025,develop,"27 jun 2025, 8:23:40","3 jul 2025, 9:53:20",5849
1 jul 2025,DATA ENGINEERING,DATA ENGINEERING,DATA HUB,CS INGESTAS,CS CLIENT-360,B0HN0005|B0HN0006|CGJ70000|CMOV0000|CTAR0000|DTAU0000|EJB60000|FZPD0000|G5M30005|J7IL0004|KATC0001|KCDG0000|KCEG0005|KCPG0000|KCTD0000|KFCM0000|KMIG0004|KNFA0001|KPAN0001|KSRR0000|KSTB0000|KSZG0000|KUSU0001|KWTH0000|L9CT0000|L9SV0000|NM7R0000|NOLS0000|P68X0000|P6R10000|RE4M0000|RZUA0005|SCAT0000|TDI30000|TLHR0000,globaldevtools.bbva.com/gl_kwth_app-id-21839_dsg/glgldh360gloqlt,https://globaldevtools.bbva.com/bitbucket/projects/GL_KWTH_APP-ID-21839_DSG/repos/glgldh360gloqlt/browse,dataproc.jobs,feature/MVP_3Q25_c360_10_07_2025,develop,"17 jul 2025, 8:24:34","17 jul 2025, 10:35:28",130
1 jul 2025,DATA ENGINEERING,DATA ENGINEERING,DATA HUB,CS INGESTAS,CS CLIENT-360,B0HN0005|B0HN0006|CGJ70000|CMOV0000|CTAR0000|DTAU0000|EJB60000|FZPD0000|G5M30005|J7IL0004|KATC0001|KCDG0000|KCEG0005|KCPG0000|KCTD0000|KFCM0000|KMIG0004|KNFA0001|KPAN0001|KSRR0000|KSTB0000|KSZG0000|KUSU0001|KWTH0000|L9CT0000|L9SV0000|NM7R0000|NOLS0000|P68X0000|P6R10000|RE4M0000|RZUA0005|SCAT0000|TDI30000|TLHR0000,globaldevtools.bbva.com/gl_kwth_app-id-21839_dsg/glgldh360gloqlt,https://globaldevtools.bbva.com/bitbucket/projects/GL_KWTH_APP-ID-21839_DSG/repos/glgldh360gloqlt/browse,dataproc.jobs,feature/MVP_3Q25_c360_10_07_2025,develop,"23 jul 2025, 6:57:19","23 jul 2025, 8:27:31",90
1 jul 2025,DATA ENGINEERING,DATA ENGINEERING,DATA HUB,CS INGESTAS,CS CLIENT-360,B0HN0005|B0HN0006|CGJ70000|CMOV0000|CTAR0000|DTAU0000|EJB60000|FZPD0000|G5M30005|J7IL0004|KATC0001|KCDG0000|KCEG0005|KCPG0000|KCTD0000|KFCM0000|KMIG0004|KNFA0001|KPAN0001|KSRR0000|KSTB0000|KSZG0000|KUSU0001|KWTH0000|L9CT0000|L9SV0000|NM7R0000|NOLS0000|P68X0000|P6R10000|RE4M0000|RZUA0005|SCAT0000|TDI30000|TLHR0000,globaldevtools.bbva.com/gl_katc_app-id-24547_dsg/c360_datio_katc_ingestion,https://globaldevtools.bbva.com/bitbucket/projects/GL_KATC_APP-ID-24547_DSG/repos/c360_datio_katc_ingestion/browse,dataproc.jobs.import,feature/FixIncidencia,develop,"18 jul 2025, 6:20:17","18 jul 2025, 7:02:21",42
1 jul 2025,DATA ENGINEERING,DATA ENGINEERING,DATA HUB,CS INGESTAS,CS CLIENT-360,B0HN0005|B0HN0006|CGJ70000|CMOV0000|CTAR0000|DTAU0000|EJB60000|FZPD0000|G5M30005|J7IL0004|KATC0001|KCDG0000|KCEG0005|KCPG0000|KCTD0000|KFCM0000|KMIG0004|KNFA0001|KPAN0001|KSRR0000|KSTB0000|KSZG0000|KUSU0001|KWTH0000|L9CT0000|L9SV0000|NM7R0000|NOLS0000|P68X0000|P6R10000|RE4M0000|RZUA0005|SCAT0000|TDI30000|TLHR0000,globaldevtools.bbva.com/gl_katc_app-id-24547_dsg/c360_datio_katc_ingestion,https://globaldevtools.bbva.com/bitbucket/projects/GL_KATC_APP-ID-24547_DSG/repos/c360_datio_katc_ingestion/browse,dataproc.jobs.import,feature/FixIncidencia,develop,"21 jul 2025, 6:31:54","21 jul 2025, 9:45:04",193
1 jul 2025,DATA ENGINEERING,DATA ENGINEERING,DATA HUB,CS INGESTAS,CS CLIENT-360,B0HN0005|B0HN0006|CGJ70000|CMOV0000|CTAR0000|DTAU0000|EJB60000|FZPD0000|G5M30005|J7IL0004|KATC0001|KCDG0000|KCEG0005|KCPG0000|KCTD0000|KFCM0000|KMIG0004|KNFA0001|KPAN0001|KSRR0000|KSTB0000|KSZG0000|KUSU0001|KWTH0000|L9CT0000|L9SV0000|NM7R0000|NOLS0000|P68X0000|P6R10000|RE4M0000|RZUA0005|SCAT0000|TDI30000|TLHR0000,globaldevtools.bbva.com/gl_l9ct_app-id-219787_dsg/gl-cs-360-gdh-job,https://globaldevtools.bbva.com/bitbucket/projects/GL_L9CT_APP-ID-219787_DSG/repos/gl-cs-360-gdh-job/browse,dataproc.jobs,feature/sbti,develop,"10 jul 2025, 14:45:46","10 jul 2025, 16:44:01",118
1 jul 2025,DATA ENGINEERING,DATA ENGINEERING,DATA HUB,CS INGESTAS,CS CLIENT-360,B0HN0005|B0HN0006|CGJ70000|CMOV0000|CTAR0000|DTAU0000|EJB60000|FZPD0000|G5M30005|J7IL0004|KATC0001|KCDG0000|KCEG0005|KCPG0000|KCTD0000|KFCM0000|KMIG0004|KNFA0001|KPAN0001|KSRR0000|KSTB0000|KSZG0000|KUSU0001|KWTH0000|L9CT0000|L9SV0000|NM7R0000|NOLS0000|P68X0000|P6R10000|RE4M0000|RZUA0005|SCAT0000|TDI30000|TLHR0000,globaldevtools.bbva.com/gl_katc_app-id-24547_dsg/glhocs360glojob,https://globaldevtools.bbva.com/bitbucket/projects/GL_KATC_APP-ID-24547_DSG/repos/glhocs360glojob/browse,dataproc.jobs,feature/NuevaEntrega,develop,"21 jul 2025, 7:17:44","21 jul 2025, 9:45:10",147
1 jul 2025,DATA ENGINEERING,DATA ENGINEERING,DATA HUB,CS INGESTAS,CS CLIENT-360,B0HN0005|B0HN0006|CGJ70000|CMOV0000|CTAR0000|DTAU0000|EJB60000|FZPD0000|G5M30005|J7IL0004|KATC0001|KCDG0000|KCEG0005|KCPG0000|KCTD0000|KFCM0000|KMIG0004|KNFA0001|KPAN0001|KSRR0000|KSTB0000|KSZG0000|KUSU0001|KWTH0000|L9CT0000|L9SV0000|NM7R0000|NOLS0000|P68X0000|P6R10000|RE4M0000|RZUA0005|SCAT0000|TDI30000|TLHR0000,globaldevtools.bbva.com/gl_kfcm_app-id-26255_dsg/gl-cs-360-gdh-job,https://globaldevtools.bbva.com/bitbucket/projects/GL_KFCM_APP-ID-26255_DSG/repos/gl-cs-360-gdh-job/browse,dataproc.jobs,feature/CambioFiltradoOrigen,develop,"17 jul 2025, 6:52:03","17 jul 2025, 7:13:43",21
1 jul 2025,DATA ENGINEERING,DATA ENGINEERING,DATA HUB,CS INGESTAS,CS CLIENT-360,B0HN0005|B0HN0006|CGJ70000|CMOV0000|CTAR0000|DTAU0000|EJB60000|FZPD0000|G5M30005|J7IL0004|KATC0001|KCDG0000|KCEG0005|KCPG0000|KCTD0000|KFCM0000|KMIG0004|KNFA0001|KPAN0001|KSRR0000|KSTB0000|KSZG0000|KUSU0001|KWTH0000|L9CT0000|L9SV0000|NM7R0000|NOLS0000|P68X0000|P6R10000|RE4M0000|RZUA0005|SCAT0000|TDI30000|TLHR0000,globaldevtools.bbva.com/gl_kfcm_app-id-26255_dsg/gl-cs-360-gdh-job,https://globaldevtools.bbva.com/bitbucket/projects/GL_KFCM_APP-ID-26255_DSG/repos/gl-cs-360-gdh-job/browse,dataproc.jobs,feature/CambioFiltradoOrigen,develop,"24 jul 2025, 10:58:35","24 jul 2025, 11:32:07",33
1 jul 2025,DATA ENGINEERING,DATA ENGINEERING,DATA HUB,CS INGESTAS,CS CLIENT-360,B0HN0005|B0HN0006|CGJ70000|CMOV0000|CTAR0000|DTAU0000|EJB60000|FZPD0000|G5M30005|J7IL0004|KATC0001|KCDG0000|KCEG0005|KCPG0000|KCTD0000|KFCM0000|KMIG0004|KNFA0001|KPAN0001|KSRR0000|KSTB0000|KSZG0000|KUSU0001|KWTH0000|L9CT0000|L9SV0000|NM7R0000|NOLS0000|P68X0000|P6R10000|RE4M0000|RZUA0005|SCAT0000|TDI30000|TLHR0000,globaldevtools.bbva.com/gl_kpan_app-id-385678_dsg/glgldh360gloqlt,https://globaldevtools.bbva.com/bitbucket/projects/GL_KPAN_APP-ID-385678_DSG/repos/glgldh360gloqlt/browse,dataproc.jobs,feature/repo-maintenance,develop,"10 jul 2025, 12:16:05","10 jul 2025, 12:26:25",10
1 jul 2025,DATA ENGINEERING,DATA ENGINEERING,DATA HUB,CS INGESTAS,CS CLIENT-360,B0HN0005|B0HN0006|CGJ70000|CMOV0000|CTAR0000|DTAU0000|EJB60000|FZPD0000|G5M30005|J7IL0004|KATC0001|KCDG0000|KCEG0005|KCPG0000|KCTD0000|KFCM0000|KMIG0004|KNFA0001|KPAN0001|KSRR0000|KSTB0000|KSZG0000|KUSU0001|KWTH0000|L9CT0000|L9SV0000|NM7R0000|NOLS0000|P68X0000|P6R10000|RE4M0000|RZUA0005|SCAT0000|TDI30000|TLHR0000,globaldevtools.bbva.com/gl_kpan_app-id-385678_dsg/glgldh360gloqlt,https://globaldevtools.bbva.com/bitbucket/projects/GL_KPAN_APP-ID-385678_DSG/repos/glgldh360gloqlt/browse,dataproc.jobs,feature/MVP_3Q25_c360_18_06_2025,develop,"27 jun 2025, 8:33:17","3 jul 2025, 9:53:24",5840
1 jul 2025,DATA ENGINEERING,DATA ENGINEERING,DATA HUB,CS INGESTAS,CS CLIENT-360,B0HN0005|B0HN0006|CGJ70000|CMOV0000|CTAR0000|DTAU0000|EJB60000|FZPD0000|G5M30005|J7IL0004|KATC0001|KCDG0000|KCEG0005|KCPG0000|KCTD0000|KFCM0000|KMIG0004|KNFA0001|KPAN0001|KSRR0000|KSTB0000|KSZG0000|KUSU0001|KWTH0000|L9CT0000|L9SV0000|NM7R0000|NOLS0000|P68X0000|P6R10000|RE4M0000|RZUA0005|SCAT0000|TDI30000|TLHR0000,globaldevtools.bbva.com/gl_kpan_app-id-385678_dsg/glgldh360gloqlt,https://globaldevtools.bbva.com/bitbucket/projects/GL_KPAN_APP-ID-385678_DSG/repos/glgldh360gloqlt/browse,dataproc.jobs,feature/add-readme-dates,develop,"17 jul 2025, 14:33:42","18 jul 2025, 6:27:38",953
1 jul 2025,DATA ENGINEERING,DATA ENGINEERING,DATA HUB,CS INGESTAS,CS CLIENT-360,B0HN0005|B0HN0006|CGJ70000|CMOV0000|CTAR0000|DTAU0000|EJB60000|FZPD0000|G5M30005|J7IL0004|KATC0001|KCDG0000|KCEG0005|KCPG0000|KCTD0000|KFCM0000|KMIG0004|KNFA0001|KPAN0001|KSRR0000|KSTB0000|KSZG0000|KUSU0001|KWTH0000|L9CT0000|L9SV0000|NM7R0000|NOLS0000|P68X0000|P6R10000|RE4M0000|RZUA0005|SCAT0000|TDI30000|TLHR0000,globaldevtools.bbva.com/gl_kpan_app-id-385678_dsg/glgldh360gloqlt,https://globaldevtools.bbva.com/bitbucket/projects/GL_KPAN_APP-ID-385678_DSG/repos/glgldh360gloqlt/browse,dataproc.jobs,feature/MVP_3Q25_c360_26_06_2025,develop,"1 jul 2025, 10:33:15","10 jul 2025, 9:13:54",10000
1 jul 2025,DATA ENGINEERING,DATA ENGINEERING,DATA HUB,CS INGESTAS,CS CLIENT-360,B0HN0005|B0HN0006|CGJ70000|CMOV0000|CTAR0000|DTAU0000|EJB60000|FZPD0000|G5M30005|J7IL0004|KATC0001|KCDG0000|KCEG0005|KCPG0000|KCTD0000|KFCM0000|KMIG0004|KNFA0001|KPAN0001|KSRR0000|KSTB0000|KSZG0000|KUSU0001|KWTH0000|L9CT0000|L9SV0000|NM7R0000|NOLS0000|P68X0000|P6R10000|RE4M0000|RZUA0005|SCAT0000|TDI30000|TLHR0000,globaldevtools.bbva.com/gl_rzua_app-id-19546_dsg/glgldh360gloqlt,https://globaldevtools.bbva.com/bitbucket/projects/GL_RZUA_APP-ID-19546_DSG/repos/glgldh360gloqlt/browse,dataproc.jobs,feature/MVP_3Q25_c360_01_07_2025,develop,"8 jul 2025, 12:44:43","11 jul 2025, 12:28:02",4303
1 jul 2025,DATA ENGINEERING,DATA ENGINEERING,DATA HUB,CS INGESTAS,CS CLIENT-360,B0HN0005|B0HN0006|CGJ70000|CMOV0000|CTAR0000|DTAU0000|EJB60000|FZPD0000|G5M30005|J7IL0004|KATC0001|KCDG0000|KCEG0005|KCPG0000|KCTD0000|KFCM0000|KMIG0004|KNFA0001|KPAN0001|KSRR0000|KSTB0000|KSZG0000|KUSU0001|KWTH0000|L9CT0000|L9SV0000|NM7R0000|NOLS0000|P68X0000|P6R10000|RE4M0000|RZUA0005|SCAT0000|TDI30000|TLHR0000,globaldevtools.bbva.com/gl_rzua_app-id-19546_dsg/glgldh360gloqlt,https://globaldevtools.bbva.com/bitbucket/projects/GL_RZUA_APP-ID-19546_DSG/repos/glgldh360gloqlt/browse,dataproc.jobs,feature/generador-kirby-test,develop,"28 nov 2024, 9:27:32","11 jul 2025, 12:42:21",232034
1 jul 2025,DATA ENGINEERING,DATA ENGINEERING,DATA HUB,CS INGESTAS,CS CLIENT-360,B0HN0005|B0HN0006|CGJ70000|CMOV0000|CTAR0000|DTAU0000|EJB60000|FZPD0000|G5M30005|J7IL0004|KATC0001|KCDG0000|KCEG0005|KCPG0000|KCTD0000|KFCM0000|KMIG0004|KNFA0001|KPAN0001|KSRR0000|KSTB0000|KSZG0000|KUSU0001|KWTH0000|L9CT0000|L9SV0000|NM7R0000|NOLS0000|P68X0000|P6R10000|RE4M0000|RZUA0005|SCAT0000|TDI30000|TLHR0000,globaldevtools.bbva.com/gl_rzua_app-id-19546_dsg/glgldh360gloqlt,https://globaldevtools.bbva.com/bitbucket/projects/GL_RZUA_APP-ID-19546_DSG/repos/glgldh360gloqlt/browse,dataproc.jobs,feature/MVP_3Q25_c360_18_06_2025,develop,"27 jun 2025, 8:29:47","3 jul 2025, 9:53:37",5843
1 jul 2025,DATA ENGINEERING,DATA ENGINEERING,DATA HUB,CS INGESTAS,CS CLIENT-360,B0HN0005|B0HN0006|CGJ70000|CMOV0000|CTAR0000|DTAU0000|EJB60000|FZPD0000|G5M30005|J7IL0004|KATC0001|KCDG0000|KCEG0005|KCPG0000|KCTD0000|KFCM0000|KMIG0004|KNFA0001|KPAN0001|KSRR0000|KSTB0000|KSZG0000|KUSU0001|KWTH0000|L9CT0000|L9SV0000|NM7R0000|NOLS0000|P68X0000|P6R10000|RE4M0000|RZUA0005|SCAT0000|TDI30000|TLHR0000,globaldevtools.bbva.com/gl_rzua_app-id-19546_dsg/glgldh360gloqlt,https://globaldevtools.bbva.com/bitbucket/projects/GL_RZUA_APP-ID-19546_DSG/repos/glgldh360gloqlt/browse,dataproc.jobs,feature/update-gitignore,develop,"9 jul 2025, 11:50:21","9 jul 2025, 12:01:54",11
1 jul 2025,DATA ENGINEERING,DATA ENGINEERING,DATA HUB,CS INGESTAS,CS CLIENT-360,B0HN0005|B0HN0006|CGJ70000|CMOV0000|CTAR0000|DTAU0000|EJB60000|FZPD0000|G5M30005|J7IL0004|KATC0001|KCDG0000|KCEG0005|KCPG0000|KCTD0000|KFCM0000|KMIG0004|KNFA0001|KPAN0001|KSRR0000|KSTB0000|KSZG0000|KUSU0001|KWTH0000|L9CT0000|L9SV0000|NM7R0000|NOLS0000|P68X0000|P6R10000|RE4M0000|RZUA0005|SCAT0000|TDI30000|TLHR0000,globaldevtools.bbva.com/gl_rzua_app-id-19546_dsg/glgldh360gloqlt,https://globaldevtools.bbva.com/bitbucket/projects/GL_RZUA_APP-ID-19546_DSG/repos/glgldh360gloqlt/browse,dataproc.jobs,feature/repo-maintenance,develop,"8 jul 2025, 20:52:49","9 jul 2025, 11:28:33",875
1 jul 2025,DATA ENGINEERING,DATA ENGINEERING,DATA HUB,CS INGESTAS,CS CLIENT-360,B0HN0005|B0HN0006|CGJ70000|CMOV0000|CTAR0000|DTAU0000|EJB60000|FZPD0000|G5M30005|J7IL0004|KATC0001|KCDG0000|KCEG0005|KCPG0000|KCTD0000|KFCM0000|KMIG0004|KNFA0001|KPAN0001|KSRR0000|KSTB0000|KSZG0000|KUSU0001|KWTH0000|L9CT0000|L9SV0000|NM7R0000|NOLS0000|P68X0000|P6R10000|RE4M0000|RZUA0005|SCAT0000|TDI30000|TLHR0000,globaldevtools.bbva.com/gl_rzua_app-id-19546_dsg/glgldh360gloqlt,https://globaldevtools.bbva.com/bitbucket/projects/GL_RZUA_APP-ID-19546_DSG/repos/glgldh360gloqlt/browse,dataproc.jobs,feature/MVP_3Q25_c360_01_07_2025,develop,"16 jul 2025, 7:50:56","16 jul 2025, 8:06:18",15
1 jul 2025,DATA ENGINEERING,DATA ENGINEERING,DATA HUB,CS INGESTAS,CS CLIENT-360,B0HN0005|B0HN0006|CGJ70000|CMOV0000|CTAR0000|DTAU0000|EJB60000|FZPD0000|G5M30005|J7IL0004|KATC0001|KCDG0000|KCEG0005|KCPG0000|KCTD0000|KFCM0000|KMIG0004|KNFA0001|KPAN0001|KSRR0000|KSTB0000|KSZG0000|KUSU0001|KWTH0000|L9CT0000|L9SV0000|NM7R0000|NOLS0000|P68X0000|P6R10000|RE4M0000|RZUA0005|SCAT0000|TDI30000|TLHR0000,globaldevtools.bbva.com/gl_rzua_app-id-19546_dsg/glgldh360gloqlt,https://globaldevtools.bbva.com/bitbucket/projects/GL_RZUA_APP-ID-19546_DSG/repos/glgldh360gloqlt/browse,dataproc.jobs,feature/MVP_3Q25_c360_01_07_2025,develop,"15 jul 2025, 13:47:47","16 jul 2025, 7:48:45",1080
1 jul 2025,DATA ENGINEERING,DATA ENGINEERING,DATA HUB,CS INGESTAS,CS CLIENT-360,B0HN0005|B0HN0006|CGJ70000|CMOV0000|CTAR0000|DTAU0000|EJB60000|FZPD0000|G5M30005|J7IL0004|KATC0001|KCDG0000|KCEG0005|KCPG0000|KCTD0000|KFCM0000|KMIG0004|KNFA0001|KPAN0001|KSRR0000|KSTB0000|KSZG0000|KUSU0001|KWTH0000|L9CT0000|L9SV0000|NM7R0000|NOLS0000|P68X0000|P6R10000|RE4M0000|RZUA0005|SCAT0000|TDI30000|TLHR0000,globaldevtools.bbva.com/gl_ejb6_app-id-169045_dsg/glgldh360gloqlt,https://globaldevtools.bbva.com/bitbucket/projects/GL_EJB6_APP-ID-169045_DSG/repos/glgldh360gloqlt/browse,dataproc.jobs,feature/update-gitignore,develop,"22 jul 2025, 7:59:01","22 jul 2025, 8:05:56",6
1 jul 2025,DATA ENGINEERING,DATA ENGINEERING,DATA HUB,CS INGESTAS,CS CLIENT-360,B0HN0005|B0HN0006|CGJ70000|CMOV0000|CTAR0000|DTAU0000|EJB60000|FZPD0000|G5M30005|J7IL0004|KATC0001|KCDG0000|KCEG0005|KCPG0000|KCTD0000|KFCM0000|KMIG0004|KNFA0001|KPAN0001|KSRR0000|KSTB0000|KSZG0000|KUSU0001|KWTH0000|L9CT0000|L9SV0000|NM7R0000|NOLS0000|P68X0000|P6R10000|RE4M0000|RZUA0005|SCAT0000|TDI30000|TLHR0000,globaldevtools.bbva.com/gl_ejb6_app-id-169045_dsg/glgldh360gloqlt,https://globaldevtools.bbva.com/bitbucket/projects/GL_EJB6_APP-ID-169045_DSG/repos/glgldh360gloqlt/browse,dataproc.jobs,feature/MVP_3Q25_c360_18_06_2025,develop,"27 jun 2025, 8:25:54","3 jul 2025, 9:53:05",5847
1 jul 2025,DATA ENGINEERING,DATA ENGINEERING,DATA HUB,CS INGESTAS,CS CLIENT-360,B0HN0005|B0HN0006|CGJ70000|CMOV0000|CTAR0000|DTAU0000|EJB60000|FZPD0000|G5M30005|J7IL0004|KATC0001|KCDG0000|KCEG0005|KCPG0000|KCTD0000|KFCM0000|KMIG0004|KNFA0001|KPAN0001|KSRR0000|KSTB0000|KSZG0000|KUSU0001|KWTH0000|L9CT0000|L9SV0000|NM7R0000|NOLS0000|P68X0000|P6R10000|RE4M0000|RZUA0005|SCAT0000|TDI30000|TLHR0000,globaldevtools.bbva.com/gl_ejb6_app-id-169045_dsg/glgldh360gloqlt,https://globaldevtools.bbva.com/bitbucket/projects/GL_EJB6_APP-ID-169045_DSG/repos/glgldh360gloqlt/browse,dataproc.jobs,feature/repo-maintenance,develop,"22 jul 2025, 7:51:28","22 jul 2025, 7:57:29",6
1 jul 2025,DATA ENGINEERING,DATA ENGINEERING,DATA HUB,CS INGESTAS,CS CLIENT-360,B0HN0005|B0HN0006|CGJ70000|CMOV0000|CTAR0000|DTAU0000|EJB60000|FZPD0000|G5M30005|J7IL0004|KATC0001|KCDG0000|KCEG0005|KCPG0000|KCTD0000|KFCM0000|KMIG0004|KNFA0001|KPAN0001|KSRR0000|KSTB0000|KSZG0000|KUSU0001|KWTH0000|L9CT0000|L9SV0000|NM7R0000|NOLS0000|P68X0000|P6R10000|RE4M0000|RZUA0005|SCAT0000|TDI30000|TLHR0000,globaldevtools.bbva.com/gl_l9sv_app-id-1120795_dsg/glgldh360gloqlt,https://globaldevtools.bbva.com/bitbucket/projects/GL_L9SV_APP-ID-1120795_DSG/repos/glgldh360gloqlt/browse,dataproc.jobs,feature/MVP_3Q25_c360_10_07_2025,develop,"23 jul 2025, 8:02:03","23 jul 2025, 8:25:45",23
1 jul 2025,DATA ENGINEERING,DATA ENGINEERING,DATA HUB,CS INGESTAS,CS CLIENT-360,B0HN0005|B0HN0006|CGJ70000|CMOV0000|CTAR0000|DTAU0000|EJB60000|FZPD0000|G5M30005|J7IL0004|KATC0001|KCDG0000|KCEG0005|KCPG0000|KCTD0000|KFCM0000|KMIG0004|KNFA0001|KPAN0001|KSRR0000|KSTB0000|KSZG0000|KUSU0001|KWTH0000|L9CT0000|L9SV0000|NM7R0000|NOLS0000|P68X0000|P6R10000|RE4M0000|RZUA0005|SCAT0000|TDI30000|TLHR0000,globaldevtools.bbva.com/gl_l9sv_app-id-1120795_dsg/glgldh360gloqlt,https://globaldevtools.bbva.com/bitbucket/projects/GL_L9SV_APP-ID-1120795_DSG/repos/glgldh360gloqlt/browse,dataproc.jobs,feature/mvp_fix,develop,"21 jul 2025, 11:53:59","21 jul 2025, 11:58:04",4
1 jul 2025,DATA ENGINEERING,DATA ENGINEERING,DATA HUB,CS INGESTAS,CS CLIENT-360,B0HN0005|B0HN0006|CGJ70000|CMOV0000|CTAR0000|DTAU0000|EJB60000|FZPD0000|G5M30005|J7IL0004|KATC0001|KCDG0000|KCEG0005|KCPG0000|KCTD0000|KFCM0000|KMIG0004|KNFA0001|KPAN0001|KSRR0000|KSTB0000|KSZG0000|KUSU0001|KWTH0000|L9CT0000|L9SV0000|NM7R0000|NOLS0000|P68X0000|P6R10000|RE4M0000|RZUA0005|SCAT0000|TDI30000|TLHR0000,globaldevtools.bbva.com/gl_l9sv_app-id-1120795_dsg/glgldh360gloqlt,https://globaldevtools.bbva.com/bitbucket/projects/GL_L9SV_APP-ID-1120795_DSG/repos/glgldh360gloqlt/browse,dataproc.jobs,feature/MVP_3Q25_c360_17_07_2025,develop,"21 jul 2025, 10:03:33","21 jul 2025, 11:37:16",93
1 jul 2025,DATA ENGINEERING,DATA ENGINEERING,DATA HUB,CS INGESTAS,CS CLIENT-360,B0HN0005|B0HN0006|CGJ70000|CMOV0000|CTAR0000|DTAU0000|EJB60000|FZPD0000|G5M30005|J7IL0004|KATC0001|KCDG0000|KCEG0005|KCPG0000|KCTD0000|KFCM0000|KMIG0004|KNFA0001|KPAN0001|KSRR0000|KSTB0000|KSZG0000|KUSU0001|KWTH0000|L9CT0000|L9SV0000|NM7R0000|NOLS0000|P68X0000|P6R10000|RE4M0000|RZUA0005|SCAT0000|TDI30000|TLHR0000,globaldevtools.bbva.com/gl_kceg_app-id-22485_dsg/glgldh360gloqlt,https://globaldevtools.bbva.com/bitbucket/projects/GL_KCEG_APP-ID-22485_DSG/repos/glgldh360gloqlt/browse,dataproc.jobs,feature/update-gitignore,develop,"22 jul 2025, 7:40:01","22 jul 2025, 8:14:50",34
1 jul 2025,DATA ENGINEERING,DATA ENGINEERING,DATA HUB,CS INGESTAS,CS CLIENT-360,B0HN0005|B0HN0006|CGJ70000|CMOV0000|CTAR0000|DTAU0000|EJB60000|FZPD0000|G5M30005|J7IL0004|KATC0001|KCDG0000|KCEG0005|KCPG0000|KCTD0000|KFCM0000|KMIG0004|KNFA0001|KPAN0001|KSRR0000|KSTB0000|KSZG0000|KUSU0001|KWTH0000|L9CT0000|L9SV0000|NM7R0000|NOLS0000|P68X0000|P6R10000|RE4M0000|RZUA0005|SCAT0000|TDI30000|TLHR0000,globaldevtools.bbva.com/gl_kceg_app-id-22485_dsg/glgldh360gloqlt,https://globaldevtools.bbva.com/bitbucket/projects/GL_KCEG_APP-ID-22485_DSG/repos/glgldh360gloqlt/browse,dataproc.jobs,feature/MVP_3Q25_c360_18_06_2025,develop,"27 jun 2025, 8:35:32","3 jul 2025, 9:53:17",5837
1 jul 2025,DATA ENGINEERING,DATA ENGINEERING,DATA HUB,CS INGESTAS,CS CLIENT-360,B0HN0005|B0HN0006|CGJ70000|CMOV0000|CTAR0000|DTAU0000|EJB60000|FZPD0000|G5M30005|J7IL0004|KATC0001|KCDG0000|KCEG0005|KCPG0000|KCTD0000|KFCM0000|KMIG0004|KNFA0001|KPAN0001|KSRR0000|KSTB0000|KSZG0000|KUSU0001|KWTH0000|L9CT0000|L9SV0000|NM7R0000|NOLS0000|P68X0000|P6R10000|RE4M0000|RZUA0005|SCAT0000|TDI30000|TLHR0000,globaldevtools.bbva.com/gl_kceg_app-id-22485_dsg/glgldh360gloqlt,https://globaldevtools.bbva.com/bitbucket/projects/GL_KCEG_APP-ID-22485_DSG/repos/glgldh360gloqlt/browse,dataproc.jobs,feature/MVP_3Q25_c360_10_07_2025_jhwfedlo,develop,"18 jul 2025, 10:27:42","18 jul 2025, 10:40:33",12
1 jul 2025,DATA ENGINEERING,DATA ENGINEERING,DATA HUB,CS INGESTAS,CS CLIENT-360,B0HN0005|B0HN0006|CGJ70000|CMOV0000|CTAR0000|DTAU0000|EJB60000|FZPD0000|G5M30005|J7IL0004|KATC0001|KCDG0000|KCEG0005|KCPG0000|KCTD0000|KFCM0000|KMIG0004|KNFA0001|KPAN0001|KSRR0000|KSTB0000|KSZG0000|KUSU0001|KWTH0000|L9CT0000|L9SV0000|NM7R0000|NOLS0000|P68X0000|P6R10000|RE4M0000|RZUA0005|SCAT0000|TDI30000|TLHR0000,globaldevtools.bbva.com/gl_kceg_app-id-22485_dsg/glgldh360gloqlt,https://globaldevtools.bbva.com/bitbucket/projects/GL_KCEG_APP-ID-22485_DSG/repos/glgldh360gloqlt/browse,dataproc.jobs,feature/MVP_3Q25_c360_10_07_2025,develop,"23 jul 2025, 6:59:16","23 jul 2025, 8:27:01",87
1 jul 2025,DATA ENGINEERING,DATA ENGINEERING,DATA HUB,CS INGESTAS,CS CLIENT-360,B0HN0005|B0HN0006|CGJ70000|CMOV0000|CTAR0000|DTAU0000|EJB60000|FZPD0000|G5M30005|J7IL0004|KATC0001|KCDG0000|KCEG0005|KCPG0000|KCTD0000|KFCM0000|KMIG0004|KNFA0001|KPAN0001|KSRR0000|KSTB0000|KSZG0000|KUSU0001|KWTH0000|L9CT0000|L9SV0000|NM7R0000|NOLS0000|P68X0000|P6R10000|RE4M0000|RZUA0005|SCAT0000|TDI30000|TLHR0000,globaldevtools.bbva.com/gl_re4m_app-id-73457_dsg/glgldh360gloqlt,https://globaldevtools.bbva.com/bitbucket/projects/GL_RE4M_APP-ID-73457_DSG/repos/glgldh360gloqlt/browse,dataproc.jobs,feature/update-gitignore,develop,"9 jul 2025, 11:50:20","9 jul 2025, 12:02:05",11
1 jul 2025,DATA ENGINEERING,DATA ENGINEERING,DATA HUB,CS INGESTAS,CS CLIENT-360,B0HN0005|B0HN0006|CGJ70000|CMOV0000|CTAR0000|DTAU0000|EJB60000|FZPD0000|G5M30005|J7IL0004|KATC0001|KCDG0000|KCEG0005|KCPG0000|KCTD0000|KFCM0000|KMIG0004|KNFA0001|KPAN0001|KSRR0000|KSTB0000|KSZG0000|KUSU0001|KWTH0000|L9CT0000|L9SV0000|NM7R0000|NOLS0000|P68X0000|P6R10000|RE4M0000|RZUA0005|SCAT0000|TDI30000|TLHR0000,globaldevtools.bbva.com/gl_re4m_app-id-73457_dsg/glgldh360gloqlt,https://globaldevtools.bbva.com/bitbucket/projects/GL_RE4M_APP-ID-73457_DSG/repos/glgldh360gloqlt/browse,dataproc.jobs,feature/repo-maintenance,develop,"8 jul 2025, 20:52:41","9 jul 2025, 11:28:43",876
1 jul 2025,DATA ENGINEERING,DATA ENGINEERING,DATA HUB,CS INGESTAS,CS CLIENT-360,B0HN0005|B0HN0006|CGJ70000|CMOV0000|CTAR0000|DTAU0000|EJB60000|FZPD0000|G5M30005|J7IL0004|KATC0001|KCDG0000|KCEG0005|KCPG0000|KCTD0000|KFCM0000|KMIG0004|KNFA0001|KPAN0001|KSRR0000|KSTB0000|KSZG0000|KUSU0001|KWTH0000|L9CT0000|L9SV0000|NM7R0000|NOLS0000|P68X0000|P6R10000|RE4M0000|RZUA0005|SCAT0000|TDI30000|TLHR0000,globaldevtools.bbva.com/gl_re4m_app-id-73457_dsg/glgldh360gloqlt,https://globaldevtools.bbva.com/bitbucket/projects/GL_RE4M_APP-ID-73457_DSG/repos/glgldh360gloqlt/browse,dataproc.jobs,feature/MVP_3Q25_c360_18_06_2025,develop,"23 jun 2025, 9:14:08","3 jul 2025, 9:55:47",11561
1 jul 2025,DATA ENGINEERING,DATA ENGINEERING,DATA HUB,CS INGESTAS,CS CLIENT-360,B0HN0005|B0HN0006|CGJ70000|CMOV0000|CTAR0000|DTAU0000|EJB60000|FZPD0000|G5M30005|J7IL0004|KATC0001|KCDG0000|KCEG0005|KCPG0000|KCTD0000|KFCM0000|KMIG0004|KNFA0001|KPAN0001|KSRR0000|KSTB0000|KSZG0000|KUSU0001|KWTH0000|L9CT0000|L9SV0000|NM7R0000|NOLS0000|P68X0000|P6R10000|RE4M0000|RZUA0005|SCAT0000|TDI30000|TLHR0000,globaldevtools.bbva.com/gl_b0hn_app-id-23103_dsg/gl-cs-360-gdh-job,https://globaldevtools.bbva.com/bitbucket/projects/GL_B0HN_APP-ID-23103_DSG/repos/gl-cs-360-gdh-job/browse,dataproc.jobs,feature/DECSCLIENT-3350,develop,"17 jul 2025, 11:39:33","17 jul 2025, 12:12:40",33
1 jul 2025,DATA ENGINEERING,DATA ENGINEERING,DATA HUB,CS INGESTAS,CS CLIENT-360,B0HN0005|B0HN0006|CGJ70000|CMOV0000|CTAR0000|DTAU0000|EJB60000|FZPD0000|G5M30005|J7IL0004|KATC0001|KCDG0000|KCEG0005|KCPG0000|KCTD0000|KFCM0000|KMIG0004|KNFA0001|KPAN0001|KSRR0000|KSTB0000|KSZG0000|KUSU0001|KWTH0000|L9CT0000|L9SV0000|NM7R0000|NOLS0000|P68X0000|P6R10000|RE4M0000|RZUA0005|SCAT0000|TDI30000|TLHR0000,globaldevtools.bbva.com/gl_b0hn_app-id-23103_dsg/gl-cs-360-gdh-job,https://globaldevtools.bbva.com/bitbucket/projects/GL_B0HN_APP-ID-23103_DSG/repos/gl-cs-360-gdh-job/browse,dataproc.jobs,feature/b0hn-table-format,develop,"3 jul 2025, 11:15:53","3 jul 2025, 11:28:05",12
1 jul 2025,DATA ENGINEERING,DATA ENGINEERING,DATA HUB,CS INGESTAS,CS CLIENT-360,B0HN0005|B0HN0006|CGJ70000|CMOV0000|CTAR0000|DTAU0000|EJB60000|FZPD0000|G5M30005|J7IL0004|KATC0001|KCDG0000|KCEG0005|KCPG0000|KCTD0000|KFCM0000|KMIG0004|KNFA0001|KPAN0001|KSRR0000|KSTB0000|KSZG0000|KUSU0001|KWTH0000|L9CT0000|L9SV0000|NM7R0000|NOLS0000|P68X0000|P6R10000|RE4M0000|RZUA0005|SCAT0000|TDI30000|TLHR0000,globaldevtools.bbva.com/gl_kctd_app-id-17832_dsg/wfklf_datio_kctd_configs,https://globaldevtools.bbva.com/bitbucket/projects/GL_KCTD_APP-ID-17832_DSG/repos/wfklf_datio_kctd_configs/browse,dataproc.jobs.import,feature/DEDTESDMCS-7984,develop,"22 jul 2025, 10:51:21","22 jul 2025, 12:03:50",72
1 jul 2025,DATA ENGINEERING,DATA ENGINEERING,DATA HUB,CS INGESTAS,CS CLIENT-360,B0HN0005|B0HN0006|CGJ70000|CMOV0000|CTAR0000|DTAU0000|EJB60000|FZPD0000|G5M30005|J7IL0004|KATC0001|KCDG0000|KCEG0005|KCPG0000|KCTD0000|KFCM0000|KMIG0004|KNFA0001|KPAN0001|KSRR0000|KSTB0000|KSZG0000|KUSU0001|KWTH0000|L9CT0000|L9SV0000|NM7R0000|NOLS0000|P68X0000|P6R10000|RE4M0000|RZUA0005|SCAT0000|TDI30000|TLHR0000,globaldevtools.bbva.com/gl_knfa_app-id-25589_dsg/glgldh360gloqlt,https://globaldevtools.bbva.com/bitbucket/projects/GL_KNFA_APP-ID-25589_DSG/repos/glgldh360gloqlt/browse,dataproc.jobs,feature/repo-maintenance,develop,"17 jul 2025, 14:21:35","18 jul 2025, 6:27:02",965
1 jul 2025,DATA ENGINEERING,DATA ENGINEERING,DATA HUB,CS INGESTAS,CS CLIENT-360,B0HN0005|B0HN0006|CGJ70000|CMOV0000|CTAR0000|DTAU0000|EJB60000|FZPD0000|G5M30005|J7IL0004|KATC0001|KCDG0000|KCEG0005|KCPG0000|KCTD0000|KFCM0000|KMIG0004|KNFA0001|KPAN0001|KSRR0000|KSTB0000|KSZG0000|KUSU0001|KWTH0000|L9CT0000|L9SV0000|NM7R0000|NOLS0000|P68X0000|P6R10000|RE4M0000|RZUA0005|SCAT0000|TDI30000|TLHR0000,globaldevtools.bbva.com/gl_knfa_app-id-25589_dsg/glgldh360gloqlt,https://globaldevtools.bbva.com/bitbucket/projects/GL_KNFA_APP-ID-25589_DSG/repos/glgldh360gloqlt/browse,dataproc.jobs,feature/update-gitignore,develop,"17 jul 2025, 14:23:30","18 jul 2025, 6:27:22",963
1 jul 2025,DATA ENGINEERING,DATA ENGINEERING,DATA HUB,CS INGESTAS,CS CLIENT-360,B0HN0005|B0HN0006|CGJ70000|CMOV0000|CTAR0000|DTAU0000|EJB60000|FZPD0000|G5M30005|J7IL0004|KATC0001|KCDG0000|KCEG0005|KCPG0000|KCTD0000|KFCM0000|KMIG0004|KNFA0001|KPAN0001|KSRR0000|KSTB0000|KSZG0000|KUSU0001|KWTH0000|L9CT0000|L9SV0000|NM7R0000|NOLS0000|P68X0000|P6R10000|RE4M0000|RZUA0005|SCAT0000|TDI30000|TLHR0000,globaldevtools.bbva.com/gl_knfa_app-id-25589_dsg/glgldh360gloqlt,https://globaldevtools.bbva.com/bitbucket/projects/GL_KNFA_APP-ID-25589_DSG/repos/glgldh360gloqlt/browse,dataproc.jobs,feature/MVP_3Q25_c360_01_07_2025,develop,"4 jul 2025, 7:54:16","16 jul 2025, 8:06:04",11531
1 jul 2025,DATA ENGINEERING,DATA ENGINEERING,DATA HUB,CS INGESTAS,CS CLIENT-360,B0HN0005|B0HN0006|CGJ70000|CMOV0000|CTAR0000|DTAU0000|EJB60000|FZPD0000|G5M30005|J7IL0004|KATC0001|KCDG0000|KCEG0005|KCPG0000|KCTD0000|KFCM0000|KMIG0004|KNFA0001|KPAN0001|KSRR0000|KSTB0000|KSZG0000|KUSU0001|KWTH0000|L9CT0000|L9SV0000|NM7R0000|NOLS0000|P68X0000|P6R10000|RE4M0000|RZUA0005|SCAT0000|TDI30000|TLHR0000,globaldevtools.bbva.com/gl_b0hn_app-id-23103_dsg/gl-cs-360-gdh-scl-toolkit,https://globaldevtools.bbva.com/bitbucket/projects/GL_B0HN_APP-ID-23103_DSG/repos/gl-cs-360-gdh-scl-toolkit/browse,dataproc.jobs,feature/DECSCLIENT-3350,develop,"14 jul 2025, 12:53:43","15 jul 2025, 12:23:26",1409
1 jul 2025,DATA ENGINEERING,DATA ENGINEERING,DATA HUB,CS INGESTAS,CS CLIENT-360,B0HN0005|B0HN0006|CGJ70000|CMOV0000|CTAR0000|DTAU0000|EJB60000|FZPD0000|G5M30005|J7IL0004|KATC0001|KCDG0000|KCEG0005|KCPG0000|KCTD0000|KFCM0000|KMIG0004|KNFA0001|KPAN0001|KSRR0000|KSTB0000|KSZG0000|KUSU0001|KWTH0000|L9CT0000|L9SV0000|NM7R0000|NOLS0000|P68X0000|P6R10000|RE4M0000|RZUA0005|SCAT0000|TDI30000|TLHR0000,globaldevtools.bbva.com/gl_cmov_app-id-2755180_dsg/glhocs360glojob,https://globaldevtools.bbva.com/bitbucket/projects/GL_CMOV_APP-ID-2755180_DSG/repos/glhocs360glojob/browse,dataproc.jobs,feature/DECSCLIENT-3295,develop,"8 jul 2025, 14:46:05","9 jul 2025, 6:53:55",967
1 jul 2025,DATA ENGINEERING,DATA ENGINEERING,DATA HUB,CS INGESTAS,CS CLIENT-360,B0HN0005|B0HN0006|CGJ70000|CMOV0000|CTAR0000|DTAU0000|EJB60000|FZPD0000|G5M30005|J7IL0004|KATC0001|KCDG0000|KCEG0005|KCPG0000|KCTD0000|KFCM0000|KMIG0004|KNFA0001|KPAN0001|KSRR0000|KSTB0000|KSZG0000|KUSU0001|KWTH0000|L9CT0000|L9SV0000|NM7R0000|NOLS0000|P68X0000|P6R10000|RE4M0000|RZUA0005|SCAT0000|TDI30000|TLHR0000,globaldevtools.bbva.com/gl_kszg_app-id-19618_dsg/glgldh360gloqlt,https://globaldevtools.bbva.com/bitbucket/projects/GL_KSZG_APP-ID-19618_DSG/repos/glgldh360gloqlt/browse,dataproc.jobs,feature/MVP_3Q25_c360_17_07_2025,develop,"28 jul 2025, 11:40:32","28 jul 2025, 11:52:41",12
1 jul 2025,DATA ENGINEERING,DATA ENGINEERING,DATA HUB,CS INGESTAS,CS CLIENT-360,B0HN0005|B0HN0006|CGJ70000|CMOV0000|CTAR0000|DTAU0000|EJB60000|FZPD0000|G5M30005|J7IL0004|KATC0001|KCDG0000|KCEG0005|KCPG0000|KCTD0000|KFCM0000|KMIG0004|KNFA0001|KPAN0001|KSRR0000|KSTB0000|KSZG0000|KUSU0001|KWTH0000|L9CT0000|L9SV0000|NM7R0000|NOLS0000|P68X0000|P6R10000|RE4M0000|RZUA0005|SCAT0000|TDI30000|TLHR0000,globaldevtools.bbva.com/gl_kszg_app-id-19618_dsg/glgldh360gloqlt,https://globaldevtools.bbva.com/bitbucket/projects/GL_KSZG_APP-ID-19618_DSG/repos/glgldh360gloqlt/browse,dataproc.jobs,feature/MVP_3Q25_c360_17_07_2025,develop,"29 jul 2025, 9:14:37","29 jul 2025, 9:28:13",13
1 jul 2025,DATA ENGINEERING,DATA ENGINEERING,DATA HUB,CS INGESTAS,CS CLIENT-360,B0HN0005|B0HN0006|CGJ70000|CMOV0000|CTAR0000|DTAU0000|EJB60000|FZPD0000|G5M30005|J7IL0004|KATC0001|KCDG0000|KCEG0005|KCPG0000|KCTD0000|KFCM0000|KMIG0004|KNFA0001|KPAN0001|KSRR0000|KSTB0000|KSZG0000|KUSU0001|KWTH0000|L9CT0000|L9SV0000|NM7R0000|NOLS0000|P68X0000|P6R10000|RE4M0000|RZUA0005|SCAT0000|TDI30000|TLHR0000,globaldevtools.bbva.com/gl_b0hn_app-id-23103_dsg/gl-cs-360-gdh-inq,https://globaldevtools.bbva.com/bitbucket/projects/GL_B0HN_APP-ID-23103_DSG/repos/gl-cs-360-gdh-inq/browse,dataproc.jobs,feature/fdbk-table-format,develop,"3 jul 2025, 11:01:41","3 jul 2025, 11:13:04",11
1 jul 2025,DATA ENGINEERING,DATA ENGINEERING,DATA HUB,CS INGESTAS,CS CLIENT-360,B0HN0005|B0HN0006|CGJ70000|CMOV0000|CTAR0000|DTAU0000|EJB60000|FZPD0000|G5M30005|J7IL0004|KATC0001|KCDG0000|KCEG0005|KCPG0000|KCTD0000|KFCM0000|KMIG0004|KNFA0001|KPAN0001|KSRR0000|KSTB0000|KSZG0000|KUSU0001|KWTH0000|L9CT0000|L9SV0000|NM7R0000|NOLS0000|P68X0000|P6R10000|RE4M0000|RZUA0005|SCAT0000|TDI30000|TLHR0000,globaldevtools.bbva.com/gl_l9ct_app-id-219787_dsg/glhocssusgloinqraw,https://globaldevtools.bbva.com/bitbucket/projects/GL_L9CT_APP-ID-219787_DSG/repos/glhocssusgloinqraw/browse,dataproc.jobs,bugfix/DECSSOSTEN-1283_actualizacion-hamm-globaldata-formato-anos,develop,"4 jul 2025, 9:59:07","4 jul 2025, 11:32:54",93
1 jul 2025,DATA ENGINEERING,DATA ENGINEERING,DATA HUB,CS INGESTAS,CS CLIENT-360,B0HN0005|B0HN0006|CGJ70000|CMOV0000|CTAR0000|DTAU0000|EJB60000|FZPD0000|G5M30005|J7IL0004|KATC0001|KCDG0000|KCEG0005|KCPG0000|KCTD0000|KFCM0000|KMIG0004|KNFA0001|KPAN0001|KSRR0000|KSTB0000|KSZG0000|KUSU0001|KWTH0000|L9CT0000|L9SV0000|NM7R0000|NOLS0000|P68X0000|P6R10000|RE4M0000|RZUA0005|SCAT0000|TDI30000|TLHR0000,globaldevtools.bbva.com/gl_p6r1_app-id-169054_dsg/glgldh360gloqlt,https://globaldevtools.bbva.com/bitbucket/projects/GL_P6R1_APP-ID-169054_DSG/repos/glgldh360gloqlt/browse,dataproc.jobs,feature/MVP_3Q25_c360_17_07_2025,develop,"28 jul 2025, 7:48:47","28 jul 2025, 7:55:09",6
1 jul 2025,DATA ENGINEERING,DATA ENGINEERING,DATA HUB,CS INGESTAS,CS CLIENT-360,B0HN0005|B0HN0006|CGJ70000|CMOV0000|CTAR0000|DTAU0000|EJB60000|FZPD0000|G5M30005|J7IL0004|KATC0001|KCDG0000|KCEG0005|KCPG0000|KCTD0000|KFCM0000|KMIG0004|KNFA0001|KPAN0001|KSRR0000|KSTB0000|KSZG0000|KUSU0001|KWTH0000|L9CT0000|L9SV0000|NM7R0000|NOLS0000|P68X0000|P6R10000|RE4M0000|RZUA0005|SCAT0000|TDI30000|TLHR0000,globaldevtools.bbva.com/gl_cmov_app-id-2755180_dsg/c360datiocmovingestion,https://globaldevtools.bbva.com/bitbucket/projects/GL_CMOV_APP-ID-2755180_DSG/repos/c360datiocmovingestion/browse,dataproc.jobs,feature/DECSCLIENT-3295,develop,"8 jul 2025, 15:22:10","9 jul 2025, 6:31:38",909
1 jul 2025,DATA ENGINEERING,DATA ENGINEERING,DATA HUB,CS INGESTAS,CS CLIENT-360,B0HN0005|B0HN0006|CGJ70000|CMOV0000|CTAR0000|DTAU0000|EJB60000|FZPD0000|G5M30005|J7IL0004|KATC0001|KCDG0000|KCEG0005|KCPG0000|KCTD0000|KFCM0000|KMIG0004|KNFA0001|KPAN0001|KSRR0000|KSTB0000|KSZG0000|KUSU0001|KWTH0000|L9CT0000|L9SV0000|NM7R0000|NOLS0000|P68X0000|P6R10000|RE4M0000|RZUA0005|SCAT0000|TDI30000|TLHR0000,globaldevtools.bbva.com/gl_cmov_app-id-2755180_dsg/c360datiocmovingestion,https://globaldevtools.bbva.com/bitbucket/projects/GL_CMOV_APP-ID-2755180_DSG/repos/c360datiocmovingestion/browse,dataproc.jobs,feature/DECSCLIENT-3295,develop,"7 jul 2025, 9:55:35","7 jul 2025, 13:11:40",196
1 jul 2025,DATA ENGINEERING,DATA ENGINEERING,DATA HUB,CS INGESTAS,CS CLIENT-360,B0HN0005|B0HN0006|CGJ70000|CMOV0000|CTAR0000|DTAU0000|EJB60000|FZPD0000|G5M30005|J7IL0004|KATC0001|KCDG0000|KCEG0005|KCPG0000|KCTD0000|KFCM0000|KMIG0004|KNFA0001|KPAN0001|KSRR0000|KSTB0000|KSZG0000|KUSU0001|KWTH0000|L9CT0000|L9SV0000|NM7R0000|NOLS0000|P68X0000|P6R10000|RE4M0000|RZUA0005|SCAT0000|TDI30000|TLHR0000,globaldevtools.bbva.com/gl_l9sv_app-id-1120795_dsg/glhocs360glojob,https://globaldevtools.bbva.com/bitbucket/projects/GL_L9SV_APP-ID-1120795_DSG/repos/glhocs360glojob/browse,dataproc.jobs,feature/DECSCLIENT-2994,develop,"2 jul 2025, 18:57:40","2 jul 2025, 19:09:42",12
1 jul 2025,DATA ENGINEERING,DATA ENGINEERING,DATA HUB,CS INGESTAS,CS CLIENT-360,B0HN0005|B0HN0006|CGJ70000|CMOV0000|CTAR0000|DTAU0000|EJB60000|FZPD0000|G5M30005|J7IL0004|KATC0001|KCDG0000|KCEG0005|KCPG0000|KCTD0000|KFCM0000|KMIG0004|KNFA0001|KPAN0001|KSRR0000|KSTB0000|KSZG0000|KUSU0001|KWTH0000|L9CT0000|L9SV0000|NM7R0000|NOLS0000|P68X0000|P6R10000|RE4M0000|RZUA0005|SCAT0000|TDI30000|TLHR0000,globaldevtools.bbva.com/gl_l9sv_app-id-1120795_dsg/glhocs360glojob,https://globaldevtools.bbva.com/bitbucket/projects/GL_L9SV_APP-ID-1120795_DSG/repos/glhocs360glojob/browse,dataproc.jobs,feature/DECSCLIENT-3378,develop,"22 jul 2025, 11:51:17","22 jul 2025, 12:14:34",23
1 jul 2025,DATA ENGINEERING,DATA ENGINEERING,DATA HUB,CS INGESTAS,CS CLIENT-360,B0HN0005|B0HN0006|CGJ70000|CMOV0000|CTAR0000|DTAU0000|EJB60000|FZPD0000|G5M30005|J7IL0004|KATC0001|KCDG0000|KCEG0005|KCPG0000|KCTD0000|KFCM0000|KMIG0004|KNFA0001|KPAN0001|KSRR0000|KSTB0000|KSZG0000|KUSU0001|KWTH0000|L9CT0000|L9SV0000|NM7R0000|NOLS0000|P68X0000|P6R10000|RE4M0000|RZUA0005|SCAT0000|TDI30000|TLHR0000,globaldevtools.bbva.com/gl_kfcm_app-id-26255_dsg/gl-cs-360-gdh-inq,https://globaldevtools.bbva.com/bitbucket/projects/GL_KFCM_APP-ID-26255_DSG/repos/gl-cs-360-gdh-inq/browse,dataproc.jobs.import,feature/CambioFiltrado,develop,"14 jul 2025, 12:37:25","15 jul 2025, 10:56:08",1338
1 jul 2025,DATA ENGINEERING,DATA ENGINEERING,DATA HUB,CS INGESTAS,CS CLIENT-360,B0HN0005|B0HN0006|CGJ70000|CMOV0000|CTAR0000|DTAU0000|EJB60000|FZPD0000|G5M30005|J7IL0004|KATC0001|KCDG0000|KCEG0005|KCPG0000|KCTD0000|KFCM0000|KMIG0004|KNFA0001|KPAN0001|KSRR0000|KSTB0000|KSZG0000|KUSU0001|KWTH0000|L9CT0000|L9SV0000|NM7R0000|NOLS0000|P68X0000|P6R10000|RE4M0000|RZUA0005|SCAT0000|TDI30000|TLHR0000,globaldevtools.bbva.com/gl_l9ct_app-id-219787_dsg/glgldh360gloqlt,https://globaldevtools.bbva.com/bitbucket/projects/GL_L9CT_APP-ID-219787_DSG/repos/glgldh360gloqlt/browse,dataproc.jobs,feature/repo-maintenance,develop,"9 jul 2025, 11:36:27","9 jul 2025, 11:51:24",14
1 jul 2025,DATA ENGINEERING,DATA ENGINEERING,DATA HUB,CS INGESTAS,CS CLIENT-360,B0HN0005|B0HN0006|CGJ70000|CMOV0000|CTAR0000|DTAU0000|EJB60000|FZPD0000|G5M30005|J7IL0004|KATC0001|KCDG0000|KCEG0005|KCPG0000|KCTD0000|KFCM0000|KMIG0004|KNFA0001|KPAN0001|KSRR0000|KSTB0000|KSZG0000|KUSU0001|KWTH0000|L9CT0000|L9SV0000|NM7R0000|NOLS0000|P68X0000|P6R10000|RE4M0000|RZUA0005|SCAT0000|TDI30000|TLHR0000,globaldevtools.bbva.com/gl_l9ct_app-id-219787_dsg/glgldh360gloqlt,https://globaldevtools.bbva.com/bitbucket/projects/GL_L9CT_APP-ID-219787_DSG/repos/glgldh360gloqlt/browse,dataproc.jobs,feature/MVP_3Q25_c360_01_07_2025,develop,"16 jul 2025, 6:38:37","16 jul 2025, 8:17:02",98
1 jul 2025,DATA ENGINEERING,DATA ENGINEERING,DATA HUB,CS INGESTAS,CS CLIENT-360,B0HN0005|B0HN0006|CGJ70000|CMOV0000|CTAR0000|DTAU0000|EJB60000|FZPD0000|G5M30005|J7IL0004|KATC0001|KCDG0000|KCEG0005|KCPG0000|KCTD0000|KFCM0000|KMIG0004|KNFA0001|KPAN0001|KSRR0000|KSTB0000|KSZG0000|KUSU0001|KWTH0000|L9CT0000|L9SV0000|NM7R0000|NOLS0000|P68X0000|P6R10000|RE4M0000|RZUA0005|SCAT0000|TDI30000|TLHR0000,globaldevtools.bbva.com/gl_l9ct_app-id-219787_dsg/glgldh360gloqlt,https://globaldevtools.bbva.com/bitbucket/projects/GL_L9CT_APP-ID-219787_DSG/repos/glgldh360gloqlt/browse,dataproc.jobs,feature/MVP_3Q25_c360_10_07_2025,develop,"18 jul 2025, 8:18:34","18 jul 2025, 8:42:12",23
1 jul 2025,DATA ENGINEERING,DATA ENGINEERING,DATA HUB,CS INGESTAS,CS CLIENT-360,B0HN0005|B0HN0006|CGJ70000|CMOV0000|CTAR0000|DTAU0000|EJB60000|FZPD0000|G5M30005|J7IL0004|KATC0001|KCDG0000|KCEG0005|KCPG0000|KCTD0000|KFCM0000|KMIG0004|KNFA0001|KPAN0001|KSRR0000|KSTB0000|KSZG0000|KUSU0001|KWTH0000|L9CT0000|L9SV0000|NM7R0000|NOLS0000|P68X0000|P6R10000|RE4M0000|RZUA0005|SCAT0000|TDI30000|TLHR0000,globaldevtools.bbva.com/gl_l9ct_app-id-219787_dsg/glgldh360gloqlt,https://globaldevtools.bbva.com/bitbucket/projects/GL_L9CT_APP-ID-219787_DSG/repos/glgldh360gloqlt/browse,dataproc.jobs,feature/MVP_3Q25_c360_10_07_2025,develop,"11 jul 2025, 12:28:43","15 jul 2025, 8:54:21",2665
1 jul 2025,DATA ENGINEERING,DATA ENGINEERING,DATA HUB,CS INGESTAS,CS CLIENT-360,B0HN0005|B0HN0006|CGJ70000|CMOV0000|CTAR0000|DTAU0000|EJB60000|FZPD0000|G5M30005|J7IL0004|KATC0001|KCDG0000|KCEG0005|KCPG0000|KCTD0000|KFCM0000|KMIG0004|KNFA0001|KPAN0001|KSRR0000|KSTB0000|KSZG0000|KUSU0001|KWTH0000|L9CT0000|L9SV0000|NM7R0000|NOLS0000|P68X0000|P6R10000|RE4M0000|RZUA0005|SCAT0000|TDI30000|TLHR0000,globaldevtools.bbva.com/gl_l9ct_app-id-219787_dsg/glgldh360gloqlt,https://globaldevtools.bbva.com/bitbucket/projects/GL_L9CT_APP-ID-219787_DSG/repos/glgldh360gloqlt/browse,dataproc.jobs,feature/update-gitignore,develop,"9 jul 2025, 11:50:20","9 jul 2025, 12:04:34",14
1 jul 2025,DATA ENGINEERING,DATA ENGINEERING,DATA HUB,CS INGESTAS,CS CLIENT-360,B0HN0005|B0HN0006|CGJ70000|CMOV0000|CTAR0000|DTAU0000|EJB60000|FZPD0000|G5M30005|J7IL0004|KATC0001|KCDG0000|KCEG0005|KCPG0000|KCTD0000|KFCM0000|KMIG0004|KNFA0001|KPAN0001|KSRR0000|KSTB0000|KSZG0000|KUSU0001|KWTH0000|L9CT0000|L9SV0000|NM7R0000|NOLS0000|P68X0000|P6R10000|RE4M0000|RZUA0005|SCAT0000|TDI30000|TLHR0000,globaldevtools.bbva.com/gl_l9ct_app-id-219787_dsg/glgldh360gloqlt,https://globaldevtools.bbva.com/bitbucket/projects/GL_L9CT_APP-ID-219787_DSG/repos/glgldh360gloqlt/browse,dataproc.jobs,feature/MVP_3Q25_c360_01_07_2025,develop,"11 jul 2025, 11:34:08","11 jul 2025, 12:45:02",70
1 jul 2025,DATA ENGINEERING,DATA ENGINEERING,DATA HUB,CS INGESTAS,CS CLIENT-360,B0HN0005|B0HN0006|CGJ70000|CMOV0000|CTAR0000|DTAU0000|EJB60000|FZPD0000|G5M30005|J7IL0004|KATC0001|KCDG0000|KCEG0005|KCPG0000|KCTD0000|KFCM0000|KMIG0004|KNFA0001|KPAN0001|KSRR0000|KSTB0000|KSZG0000|KUSU0001|KWTH0000|L9CT0000|L9SV0000|NM7R0000|NOLS0000|P68X0000|P6R10000|RE4M0000|RZUA0005|SCAT0000|TDI30000|TLHR0000,globaldevtools.bbva.com/gl_l9ct_app-id-219787_dsg/glgldh360gloqlt,https://globaldevtools.bbva.com/bitbucket/projects/GL_L9CT_APP-ID-219787_DSG/repos/glgldh360gloqlt/browse,dataproc.jobs,feature/update-changelog,develop,"10 jul 2025, 11:44:22","11 jul 2025, 6:25:24",1121
1 jul 2025,DATA ENGINEERING,DATA ENGINEERING,DATA HUB,CS INGESTAS,CS CLIENT-360,B0HN0005|B0HN0006|CGJ70000|CMOV0000|CTAR0000|DTAU0000|EJB60000|FZPD0000|G5M30005|J7IL0004|KATC0001|KCDG0000|KCEG0005|KCPG0000|KCTD0000|KFCM0000|KMIG0004|KNFA0001|KPAN0001|KSRR0000|KSTB0000|KSZG0000|KUSU0001|KWTH0000|L9CT0000|L9SV0000|NM7R0000|NOLS0000|P68X0000|P6R10000|RE4M0000|RZUA0005|SCAT0000|TDI30000|TLHR0000,globaldevtools.bbva.com/gl_l9ct_app-id-219787_dsg/glgldh360gloqlt,https://globaldevtools.bbva.com/bitbucket/projects/GL_L9CT_APP-ID-219787_DSG/repos/glgldh360gloqlt/browse,dataproc.jobs,feature/MVP_3Q25_c360_01_07_2025,develop,"14 jul 2025, 10:51:09","15 jul 2025, 8:28:20",1297
1 jul 2025,DATA ENGINEERING,DATA ENGINEERING,DATA HUB,CS INGESTAS,CS CLIENT-360,B0HN0005|B0HN0006|CGJ70000|CMOV0000|CTAR0000|DTAU0000|EJB60000|FZPD0000|G5M30005|J7IL0004|KATC0001|KCDG0000|KCEG0005|KCPG0000|KCTD0000|KFCM0000|KMIG0004|KNFA0001|KPAN0001|KSRR0000|KSTB0000|KSZG0000|KUSU0001|KWTH0000|L9CT0000|L9SV0000|NM7R0000|NOLS0000|P68X0000|P6R10000|RE4M0000|RZUA0005|SCAT0000|TDI30000|TLHR0000,globaldevtools.bbva.com/gl_l9ct_app-id-219787_dsg/glgldh360gloqlt,https://globaldevtools.bbva.com/bitbucket/projects/GL_L9CT_APP-ID-219787_DSG/repos/glgldh360gloqlt/browse,dataproc.jobs,feature/MVP_3Q25_c360_10_07_2025,develop,"15 jul 2025, 10:47:28","15 jul 2025, 11:51:13",63
1 jul 2025,DATA ENGINEERING,DATA ENGINEERING,DATA HUB,CS INGESTAS,CS CLIENT-360,B0HN0005|B0HN0006|CGJ70000|CMOV0000|CTAR0000|DTAU0000|EJB60000|FZPD0000|G5M30005|J7IL0004|KATC0001|KCDG0000|KCEG0005|KCPG0000|KCTD0000|KFCM0000|KMIG0004|KNFA0001|KPAN0001|KSRR0000|KSTB0000|KSZG0000|KUSU0001|KWTH0000|L9CT0000|L9SV0000|NM7R0000|NOLS0000|P68X0000|P6R10000|RE4M0000|RZUA0005|SCAT0000|TDI30000|TLHR0000,globaldevtools.bbva.com/gl_l9ct_app-id-219787_dsg/glgldh360gloqlt,https://globaldevtools.bbva.com/bitbucket/projects/GL_L9CT_APP-ID-219787_DSG/repos/glgldh360gloqlt/browse,dataproc.jobs,feature/MVP_3Q25_c360_26_06_2025,develop,"30 jun 2025, 10:55:57","9 jul 2025, 9:51:58",10016
1 jul 2025,DATA ENGINEERING,DATA ENGINEERING,DATA HUB,CS INGESTAS,CS CLIENT-360,B0HN0005|B0HN0006|CGJ70000|CMOV0000|CTAR0000|DTAU0000|EJB60000|FZPD0000|G5M30005|J7IL0004|KATC0001|KCDG0000|KCEG0005|KCPG0000|KCTD0000|KFCM0000|KMIG0004|KNFA0001|KPAN0001|KSRR0000|KSTB0000|KSZG0000|KUSU0001|KWTH0000|L9CT0000|L9SV0000|NM7R0000|NOLS0000|P68X0000|P6R10000|RE4M0000|RZUA0005|SCAT0000|TDI30000|TLHR0000,globaldevtools.bbva.com/gl_l9ct_app-id-219787_dsg/glgldh360gloqlt,https://globaldevtools.bbva.com/bitbucket/projects/GL_L9CT_APP-ID-219787_DSG/repos/glgldh360gloqlt/browse,dataproc.jobs,feature/MVP_3Q25_c360_18_06_2025,develop,"27 jun 2025, 8:42:36","3 jul 2025, 9:53:28",5830
1 jul 2025,DATA ENGINEERING,DATA ENGINEERING,DATA HUB,CS INGESTAS,CS CLIENT-360,B0HN0005|B0HN0006|CGJ70000|CMOV0000|CTAR0000|DTAU0000|EJB60000|FZPD0000|G5M30005|J7IL0004|KATC0001|KCDG0000|KCEG0005|KCPG0000|KCTD0000|KFCM0000|KMIG0004|KNFA0001|KPAN0001|KSRR0000|KSTB0000|KSZG0000|KUSU0001|KWTH0000|L9CT0000|L9SV0000|NM7R0000|NOLS0000|P68X0000|P6R10000|RE4M0000|RZUA0005|SCAT0000|TDI30000|TLHR0000,globaldevtools.bbva.com/gl_l9ct_app-id-219787_dsg/glgldh360gloqlt,https://globaldevtools.bbva.com/bitbucket/projects/GL_L9CT_APP-ID-219787_DSG/repos/glgldh360gloqlt/browse,dataproc.jobs,feature/mvp_new2,develop,"28 jul 2025, 8:36:58","28 jul 2025, 9:54:56",77
1 jul 2025,DATA ENGINEERING,DATA ENGINEERING,DATA HUB,CS INGESTAS,CS CLIENT-360,B0HN0005|B0HN0006|CGJ70000|CMOV0000|CTAR0000|DTAU0000|EJB60000|FZPD0000|G5M30005|J7IL0004|KATC0001|KCDG0000|KCEG0005|KCPG0000|KCTD0000|KFCM0000|KMIG0004|KNFA0001|KPAN0001|KSRR0000|KSTB0000|KSZG0000|KUSU0001|KWTH0000|L9CT0000|L9SV0000|NM7R0000|NOLS0000|P68X0000|P6R10000|RE4M0000|RZUA0005|SCAT0000|TDI30000|TLHR0000,globaldevtools.bbva.com/gl_b0hn_app-id-23103_dsg/glgldh360gloqlt,https://globaldevtools.bbva.com/bitbucket/projects/GL_B0HN_APP-ID-23103_DSG/repos/glgldh360gloqlt/browse,dataproc.jobs,feature/MVP_3Q25_c360_26_06_2025,develop,"7 jul 2025, 10:41:05","9 jul 2025, 9:52:08",2831
1 jul 2025,DATA ENGINEERING,DATA ENGINEERING,DATA HUB,CS INGESTAS,CS CLIENT-360,B0HN0005|B0HN0006|CGJ70000|CMOV0000|CTAR0000|DTAU0000|EJB60000|FZPD0000|G5M30005|J7IL0004|KATC0001|KCDG0000|KCEG0005|KCPG0000|KCTD0000|KFCM0000|KMIG0004|KNFA0001|KPAN0001|KSRR0000|KSTB0000|KSZG0000|KUSU0001|KWTH0000|L9CT0000|L9SV0000|NM7R0000|NOLS0000|P68X0000|P6R10000|RE4M0000|RZUA0005|SCAT0000|TDI30000|TLHR0000,globaldevtools.bbva.com/gl_b0hn_app-id-23103_dsg/glgldh360gloqlt,https://globaldevtools.bbva.com/bitbucket/projects/GL_B0HN_APP-ID-23103_DSG/repos/glgldh360gloqlt/browse,dataproc.jobs,feature/MVP_3Q25_c360_17_07_2025,develop,"22 jul 2025, 12:15:05","23 jul 2025, 6:50:01",1114
1 jul 2025,DATA ENGINEERING,DATA ENGINEERING,DATA HUB,CS INGESTAS,CS CLIENT-360,B0HN0005|B0HN0006|CGJ70000|CMOV0000|CTAR0000|DTAU0000|EJB60000|FZPD0000|G5M30005|J7IL0004|KATC0001|KCDG0000|KCEG0005|KCPG0000|KCTD0000|KFCM0000|KMIG0004|KNFA0001|KPAN0001|KSRR0000|KSTB0000|KSZG0000|KUSU0001|KWTH0000|L9CT0000|L9SV0000|NM7R0000|NOLS0000|P68X0000|P6R10000|RE4M0000|RZUA0005|SCAT0000|TDI30000|TLHR0000,globaldevtools.bbva.com/gl_b0hn_app-id-23103_dsg/glgldh360gloqlt,https://globaldevtools.bbva.com/bitbucket/projects/GL_B0HN_APP-ID-23103_DSG/repos/glgldh360gloqlt/browse,dataproc.jobs,feature/MVP_3Q25_c360_10_07_2025,develop,"17 jul 2025, 8:07:52","17 jul 2025, 8:15:52",8
1 jul 2025,DATA ENGINEERING,DATA ENGINEERING,DATA HUB,CS INGESTAS,CS CLIENT-360,B0HN0005|B0HN0006|CGJ70000|CMOV0000|CTAR0000|DTAU0000|EJB60000|FZPD0000|G5M30005|J7IL0004|KATC0001|KCDG0000|KCEG0005|KCPG0000|KCTD0000|KFCM0000|KMIG0004|KNFA0001|KPAN0001|KSRR0000|KSTB0000|KSZG0000|KUSU0001|KWTH0000|L9CT0000|L9SV0000|NM7R0000|NOLS0000|P68X0000|P6R10000|RE4M0000|RZUA0005|SCAT0000|TDI30000|TLHR0000,globaldevtools.bbva.com/gl_b0hn_app-id-23103_dsg/glgldh360gloqlt,https://globaldevtools.bbva.com/bitbucket/projects/GL_B0HN_APP-ID-23103_DSG/repos/glgldh360gloqlt/browse,dataproc.jobs,feature/MVP_3Q25_c360_10_07_2025,develop,"23 jul 2025, 7:03:07","23 jul 2025, 8:26:44",83
1 jul 2025,DATA ENGINEERING,DATA ENGINEERING,DATA HUB,CS INGESTAS,CS CLIENT-360,B0HN0005|B0HN0006|CGJ70000|CMOV0000|CTAR0000|DTAU0000|EJB60000|FZPD0000|G5M30005|J7IL0004|KATC0001|KCDG0000|KCEG0005|KCPG0000|KCTD0000|KFCM0000|KMIG0004|KNFA0001|KPAN0001|KSRR0000|KSTB0000|KSZG0000|KUSU0001|KWTH0000|L9CT0000|L9SV0000|NM7R0000|NOLS0000|P68X0000|P6R10000|RE4M0000|RZUA0005|SCAT0000|TDI30000|TLHR0000,globaldevtools.bbva.com/gl_b0hn_app-id-23103_dsg/glgldh360gloqlt,https://globaldevtools.bbva.com/bitbucket/projects/GL_B0HN_APP-ID-23103_DSG/repos/glgldh360gloqlt/browse,dataproc.jobs,feature/repo-maintenance,develop,"10 jul 2025, 11:52:27","11 jul 2025, 6:26:25",1113
1 jul 2025,DATA ENGINEERING,DATA ENGINEERING,DATA HUB,CS INGESTAS,CS CLIENT-360,B0HN0005|B0HN0006|CGJ70000|CMOV0000|CTAR0000|DTAU0000|EJB60000|FZPD0000|G5M30005|J7IL0004|KATC0001|KCDG0000|KCEG0005|KCPG0000|KCTD0000|KFCM0000|KMIG0004|KNFA0001|KPAN0001|KSRR0000|KSTB0000|KSZG0000|KUSU0001|KWTH0000|L9CT0000|L9SV0000|NM7R0000|NOLS0000|P68X0000|P6R10000|RE4M0000|RZUA0005|SCAT0000|TDI30000|TLHR0000,globaldevtools.bbva.com/gl_b0hn_app-id-23103_dsg/glgldh360gloqlt,https://globaldevtools.bbva.com/bitbucket/projects/GL_B0HN_APP-ID-23103_DSG/repos/glgldh360gloqlt/browse,dataproc.jobs,feature/MVP_3Q25_c360_18_06_2025,develop,"3 jul 2025, 8:02:43","3 jul 2025, 9:53:00",110
1 jul 2025,DATA ENGINEERING,DATA ENGINEERING,DATA HUB,CS INGESTAS,CS CLIENT-360,B0HN0005|B0HN0006|CGJ70000|CMOV0000|CTAR0000|DTAU0000|EJB60000|FZPD0000|G5M30005|J7IL0004|KATC0001|KCDG0000|KCEG0005|KCPG0000|KCTD0000|KFCM0000|KMIG0004|KNFA0001|KPAN0001|KSRR0000|KSTB0000|KSZG0000|KUSU0001|KWTH0000|L9CT0000|L9SV0000|NM7R0000|NOLS0000|P68X0000|P6R10000|RE4M0000|RZUA0005|SCAT0000|TDI30000|TLHR0000,globaldevtools.bbva.com/gl_katc_app-id-24547_dsg/glhocs360glojob,https://globaldevtools.bbva.com/bitbucket/projects/GL_KATC_APP-ID-24547_DSG/repos/glhocs360glojob/browse,dataproc.jobs,feature/NuevaEntrega,develop,"18 jul 2025, 8:25:27","18 jul 2025, 8:38:18",12
1 jul 2025,DATA ENGINEERING,DATA ENGINEERING,DATA HUB,CS INGESTAS,CS CLIENT-360,B0HN0005|B0HN0006|CGJ70000|CMOV0000|CTAR0000|DTAU0000|EJB60000|FZPD0000|G5M30005|J7IL0004|KATC0001|KCDG0000|KCEG0005|KCPG0000|KCTD0000|KFCM0000|KMIG0004|KNFA0001|KPAN0001|KSRR0000|KSTB0000|KSZG0000|KUSU0001|KWTH0000|L9CT0000|L9SV0000|NM7R0000|NOLS0000|P68X0000|P6R10000|RE4M0000|RZUA0005|SCAT0000|TDI30000|TLHR0000,globaldevtools.bbva.com/gl_kfcm_app-id-26255_dsg/glgldh360gloqlt,https://globaldevtools.bbva.com/bitbucket/projects/GL_KFCM_APP-ID-26255_DSG/repos/glgldh360gloqlt/browse,dataproc.jobs,feature/MVP_3Q25_c360_10_07_2025,develop,"15 jul 2025, 9:04:30","15 jul 2025, 10:54:37",110
1 jul 2025,DATA ENGINEERING,DATA ENGINEERING,DATA HUB,CS INGESTAS,CS CLIENT-360,B0HN0005|B0HN0006|CGJ70000|CMOV0000|CTAR0000|DTAU0000|EJB60000|FZPD0000|G5M30005|J7IL0004|KATC0001|KCDG0000|KCEG0005|KCPG0000|KCTD0000|KFCM0000|KMIG0004|KNFA0001|KPAN0001|KSRR0000|KSTB0000|KSZG0000|KUSU0001|KWTH0000|L9CT0000|L9SV0000|NM7R0000|NOLS0000|P68X0000|P6R10000|RE4M0000|RZUA0005|SCAT0000|TDI30000|TLHR0000,globaldevtools.bbva.com/gl_l9sv_app-id-1120795_dsg/c360_datio_l9sv_ingestion,https://globaldevtools.bbva.com/bitbucket/projects/GL_L9SV_APP-ID-1120795_DSG/repos/c360_datio_l9sv_ingestion/browse,dataproc.jobs.import,feature/DECSCLIENT-2994_MarkPer,develop,"2 jul 2025, 17:26:28","2 jul 2025, 17:45:28",19
1 jul 2025,DATA ENGINEERING,DATA ENGINEERING,DATA HUB,CS INGESTAS,CS CLIENT-360,B0HN0005|B0HN0006|CGJ70000|CMOV0000|CTAR0000|DTAU0000|EJB60000|FZPD0000|G5M30005|J7IL0004|KATC0001|KCDG0000|KCEG0005|KCPG0000|KCTD0000|KFCM0000|KMIG0004|KNFA0001|KPAN0001|KSRR0000|KSTB0000|KSZG0000|KUSU0001|KWTH0000|L9CT0000|L9SV0000|NM7R0000|NOLS0000|P68X0000|P6R10000|RE4M0000|RZUA0005|SCAT0000|TDI30000|TLHR0000,globaldevtools.bbva.com/gl_re4m_app-id-73457_dsg/c360_datio_re4m_ingestion,https://globaldevtools.bbva.com/bitbucket/projects/GL_RE4M_APP-ID-73457_DSG/repos/c360_datio_re4m_ingestion/browse,dataproc.jobs.import,feature/FixCatalog,develop,"22 jul 2025, 8:44:18","22 jul 2025, 10:04:01",79
1 jul 2025,DATA ENGINEERING,DATA ENGINEERING,DATA HUB,CS INGESTAS,CS CLIENT-360,B0HN0005|B0HN0006|CGJ70000|CMOV0000|CTAR0000|DTAU0000|EJB60000|FZPD0000|G5M30005|J7IL0004|KATC0001|KCDG0000|KCEG0005|KCPG0000|KCTD0000|KFCM0000|KMIG0004|KNFA0001|KPAN0001|KSRR0000|KSTB0000|KSZG0000|KUSU0001|KWTH0000|L9CT0000|L9SV0000|NM7R0000|NOLS0000|P68X0000|P6R10000|RE4M0000|RZUA0005|SCAT0000|TDI30000|TLHR0000,globaldevtools.bbva.com/gl_cmov_app-id-2755180_dsg/glgldh360gloqlt,https://globaldevtools.bbva.com/bitbucket/projects/GL_CMOV_APP-ID-2755180_DSG/repos/glgldh360gloqlt/browse,dataproc.jobs,feature/MVP_3Q25_c360_10_07_2025,develop,"16 jul 2025, 8:59:02","16 jul 2025, 11:04:18",125
1 jul 2025,DATA ENGINEERING,DATA ENGINEERING,DATA HUB,CS INGESTAS,CS CLIENT-360,B0HN0005|B0HN0006|CGJ70000|CMOV0000|CTAR0000|DTAU0000|EJB60000|FZPD0000|G5M30005|J7IL0004|KATC0001|KCDG0000|KCEG0005|KCPG0000|KCTD0000|KFCM0000|KMIG0004|KNFA0001|KPAN0001|KSRR0000|KSTB0000|KSZG0000|KUSU0001|KWTH0000|L9CT0000|L9SV0000|NM7R0000|NOLS0000|P68X0000|P6R10000|RE4M0000|RZUA0005|SCAT0000|TDI30000|TLHR0000,globaldevtools.bbva.com/gl_kcpg_app-id-26206_dsg/glhocs360glojob,https://globaldevtools.bbva.com/bitbucket/projects/GL_KCPG_APP-ID-26206_DSG/repos/glhocs360glojob/browse,dataproc.jobs,feature/mtool_generalbudgets,develop,"2 jul 2025, 11:10:38","2 jul 2025, 11:21:51",11
1 jul 2025,DATA ENGINEERING,DATA ENGINEERING,DATA HUB,CS INGESTAS,CS CLIENT-360,B0HN0005|B0HN0006|CGJ70000|CMOV0000|CTAR0000|DTAU0000|EJB60000|FZPD0000|G5M30005|J7IL0004|KATC0001|KCDG0000|KCEG0005|KCPG0000|KCTD0000|KFCM0000|KMIG0004|KNFA0001|KPAN0001|KSRR0000|KSTB0000|KSZG0000|KUSU0001|KWTH0000|L9CT0000|L9SV0000|NM7R0000|NOLS0000|P68X0000|P6R10000|RE4M0000|RZUA0005|SCAT0000|TDI30000|TLHR0000,globaldevtools.bbva.com/gl_kcpg_app-id-26206_dsg/glhocs360glojob,https://globaldevtools.bbva.com/bitbucket/projects/GL_KCPG_APP-ID-26206_DSG/repos/glhocs360glojob/browse,dataproc.jobs,feature/Spark_GeneralBudget_JOB,develop,"22 jul 2025, 9:50:58","22 jul 2025, 12:37:47",166
1 jul 2025,DATA ENGINEERING,DATA ENGINEERING,DATA HUB,CS INGESTAS,CS CLIENT-360,B0HN0005|B0HN0006|CGJ70000|CMOV0000|CTAR0000|DTAU0000|EJB60000|FZPD0000|G5M30005|J7IL0004|KATC0001|KCDG0000|KCEG0005|KCPG0000|KCTD0000|KFCM0000|KMIG0004|KNFA0001|KPAN0001|KSRR0000|KSTB0000|KSZG0000|KUSU0001|KWTH0000|L9CT0000|L9SV0000|NM7R0000|NOLS0000|P68X0000|P6R10000|RE4M0000|RZUA0005|SCAT0000|TDI30000|TLHR0000,globaldevtools.bbva.com/gl_kpan_app-id-385678_dsg/glgldh360gloqlt,https://globaldevtools.bbva.com/bitbucket/projects/GL_KPAN_APP-ID-385678_DSG/repos/glgldh360gloqlt/browse,dataproc.jobs,feature/update-gitignore,develop,"10 jul 2025, 12:07:29","10 jul 2025, 12:12:37",5
1 jul 2025,DATA ENGINEERING,DATA ENGINEERING,DATA HUB,CS INGESTAS,CS CLIENT-360,B0HN0005|B0HN0006|CGJ70000|CMOV0000|CTAR0000|DTAU0000|EJB60000|FZPD0000|G5M30005|J7IL0004|KATC0001|KCDG0000|KCEG0005|KCPG0000|KCTD0000|KFCM0000|KMIG0004|KNFA0001|KPAN0001|KSRR0000|KSTB0000|KSZG0000|KUSU0001|KWTH0000|L9CT0000|L9SV0000|NM7R0000|NOLS0000|P68X0000|P6R10000|RE4M0000|RZUA0005|SCAT0000|TDI30000|TLHR0000,globaldevtools.bbva.com/gl_kstb_app-id-1919198_dsg/uwuod_datio_kstb_operations_board,https://globaldevtools.bbva.com/bitbucket/projects/GL_KSTB_APP-ID-1919198_DSG/repos/uwuod_datio_kstb_operations_board/browse,dataproc.jobs.import,feature/DSCSCLIENT-2366,develop,"10 jul 2025, 9:38:48","10 jul 2025, 10:24:11",45
1 jul 2025,DATA ENGINEERING,DATA ENGINEERING,DATA HUB,CS INGESTAS,CS CLIENT-360,B0HN0005|B0HN0006|CGJ70000|CMOV0000|CTAR0000|DTAU0000|EJB60000|FZPD0000|G5M30005|J7IL0004|KATC0001|KCDG0000|KCEG0005|KCPG0000|KCTD0000|KFCM0000|KMIG0004|KNFA0001|KPAN0001|KSRR0000|KSTB0000|KSZG0000|KUSU0001|KWTH0000|L9CT0000|L9SV0000|NM7R0000|NOLS0000|P68X0000|P6R10000|RE4M0000|RZUA0005|SCAT0000|TDI30000|TLHR0000,globaldevtools.bbva.com/gl_l9ct_app-id-219787_dsg/gl-cs-360-gdh-inq,https://globaldevtools.bbva.com/bitbucket/projects/GL_L9CT_APP-ID-219787_DSG/repos/gl-cs-360-gdh-inq/browse,dataproc.jobs,feature/NuevosOrigenesClarity,develop,"3 jul 2025, 10:32:12","3 jul 2025, 11:41:50",69
1 jul 2025,DATA ENGINEERING,DATA ENGINEERING,DATA HUB,CS INGESTAS,CS CLIENT-360,B0HN0005|B0HN0006|CGJ70000|CMOV0000|CTAR0000|DTAU0000|EJB60000|FZPD0000|G5M30005|J7IL0004|KATC0001|KCDG0000|KCEG0005|KCPG0000|KCTD0000|KFCM0000|KMIG0004|KNFA0001|KPAN0001|KSRR0000|KSTB0000|KSZG0000|KUSU0001|KWTH0000|L9CT0000|L9SV0000|NM7R0000|NOLS0000|P68X0000|P6R10000|RE4M0000|RZUA0005|SCAT0000|TDI30000|TLHR0000,globaldevtools.bbva.com/gl_fzpd_app-id-2125440_dsg/glgldh360gloqlt,https://globaldevtools.bbva.com/bitbucket/projects/GL_FZPD_APP-ID-2125440_DSG/repos/glgldh360gloqlt/browse,dataproc.jobs,feature/update-gitignore,develop,"9 jul 2025, 11:50:16","9 jul 2025, 12:01:26",11
1 jul 2025,DATA ENGINEERING,DATA ENGINEERING,DATA HUB,CS INGESTAS,CS CLIENT-360,B0HN0005|B0HN0006|CGJ70000|CMOV0000|CTAR0000|DTAU0000|EJB60000|FZPD0000|G5M30005|J7IL0004|KATC0001|KCDG0000|KCEG0005|KCPG0000|KCTD0000|KFCM0000|KMIG0004|KNFA0001|KPAN0001|KSRR0000|KSTB0000|KSZG0000|KUSU0001|KWTH0000|L9CT0000|L9SV0000|NM7R0000|NOLS0000|P68X0000|P6R10000|RE4M0000|RZUA0005|SCAT0000|TDI30000|TLHR0000,globaldevtools.bbva.com/gl_cmov_app-id-2755180_dsg/glgldh360gloqlt,https://globaldevtools.bbva.com/bitbucket/projects/GL_CMOV_APP-ID-2755180_DSG/repos/glgldh360gloqlt/browse,dataproc.jobs,feature/MVP_3Q25_c360_01_07_2025,develop,"4 jul 2025, 8:11:49","10 jul 2025, 12:51:12",6039
1 jul 2025,DATA ENGINEERING,DATA ENGINEERING,DATA HUB,CS INGESTAS,CS CLIENT-360,B0HN0005|B0HN0006|CGJ70000|CMOV0000|CTAR0000|DTAU0000|EJB60000|FZPD0000|G5M30005|J7IL0004|KATC0001|KCDG0000|KCEG0005|KCPG0000|KCTD0000|KFCM0000|KMIG0004|KNFA0001|KPAN0001|KSRR0000|KSTB0000|KSZG0000|KUSU0001|KWTH0000|L9CT0000|L9SV0000|NM7R0000|NOLS0000|P68X0000|P6R10000|RE4M0000|RZUA0005|SCAT0000|TDI30000|TLHR0000,globaldevtools.bbva.com/gl_cmov_app-id-2755180_dsg/glgldh360gloqlt,https://globaldevtools.bbva.com/bitbucket/projects/GL_CMOV_APP-ID-2755180_DSG/repos/glgldh360gloqlt/browse,dataproc.jobs,feature/MVP_3Q25_c360_10_07_2025,develop,"23 jul 2025, 7:00:34","24 jul 2025, 6:57:29",1436
1 jul 2025,DATA ENGINEERING,DATA ENGINEERING,DATA HUB,CS INGESTAS,CS CLIENT-360,B0HN0005|B0HN0006|CGJ70000|CMOV0000|CTAR0000|DTAU0000|EJB60000|FZPD0000|G5M30005|J7IL0004|KATC0001|KCDG0000|KCEG0005|KCPG0000|KCTD0000|KFCM0000|KMIG0004|KNFA0001|KPAN0001|KSRR0000|KSTB0000|KSZG0000|KUSU0001|KWTH0000|L9CT0000|L9SV0000|NM7R0000|NOLS0000|P68X0000|P6R10000|RE4M0000|RZUA0005|SCAT0000|TDI30000|TLHR0000,globaldevtools.bbva.com/gl_kcpg_app-id-26206_dsg/glhocs360glojob,https://globaldevtools.bbva.com/bitbucket/projects/GL_KCPG_APP-ID-26206_DSG/repos/glhocs360glojob/browse,dataproc.jobs,feature/Spark_GeneralBudget_JOB,develop,"23 jul 2025, 10:53:47","23 jul 2025, 11:06:22",12