UUAA,project
KDDC - CUSTOM,KDDC_GL_DSG
B0HN,GL_B0HN_APP-ID-23103_DSG
CGJ7,GL_CGJ7_APP-ID-23154_DSG
CMOV,GL_CMOV_APP-ID-2755180_DSG
CTAR,CTAR_GL_DSG
DAST,DAST_GL_DSG
DTAU,GL_DTAU_APP-ID-573291_DSG
E5A5,GL_E5A5_APP-ID-76909_DSG
EJB6,GL_EJB6_APP-ID-169045_DSG
FVND,GL_FVND_APP-ID-34902_DSG
FZPD,GL_FZPD_APP-ID-2125440_DSG
G5M3,GL_G5M3_APP-ID-23164_DSG
J7IL,GL_J7IL_APP-ID-19695_DSG
KATC,GL_KATC_APP-ID-24547_DSG
KCDG,GL_KCDG_APP-ID-1708577_DSG
KCEG,GL_KCEG_APP-ID-22485_DSG
KCTD,GL_KCTD_APP-ID-17832_DSG
KCPG,GL_KCPG_APP-ID-26206_DSG
KFCM,GL_KFCM_APP-ID-26255_DSG
KMIG,GL_KMIG_APP-ID-764032_DSG
KNFA,GL_KNFA_APP-ID-25589_DSG
KPAN,GL_KPAN_APP-ID-385678_DSG
KSCI,GL_KSCI_APP-ID-536380_DSG
KSRR,GL_KSRR_APP-ID-2421226_DSG
KSTB,GL_KSTB_APP-ID-1919198_DSG
KSZG,GL_KSZG_APP-ID-19618_DSG
KUSU,GL_KUSU_APP-ID-12355_DSG
KWTH,GL_KWTH_APP-ID-21839_DSG
L9CT,GL_L9CT_APP-ID-219787_DSG
L9SV,GL_L9SV_APP-ID-1120795_DSG
MSX9,GL_MSX9_APP-ID-169023_DSG
NM7R,GL_NM7R_APP-ID-76889_DSG
NOLS,GL_NOLS_APP-ID-820326_DSG
P68X,GL_P68X_APP-ID-206343_DSG
P6R1,GL_P6R1_APP-ID-169054_DSG
R4FU,GL_R4FU_APP-ID-169039_DSG
RE4M,GL_RE4M_APP-ID-73457_DSG
RZUA,GL_RZUA_APP-ID-19546_DSG
SCAT,GL_SCAT_APP-ID-1302468_DSG
TDI3,GL_TDI3_APP-ID-76899_DSG
TLHR,GL_TLHR_APP-ID-1120806_DSG
YFVH,GL_YFVH_APP-ID-168995_DSG
