id_ns;uuaa;country;type
e00p.gl.pro;e00p;glo;pro
knab.gl.pro;knab;glo;pro
kclt.gl.pro;kclt;glo;pro
kalt.gl.pro;kalt;glo;pro
gl.j7il.app-id-19695.pro;j7il;glo;pro
gl.afdt.app-id-313410.pro;afdt;glo;pro
gl.tmpx.app-id-1676150.pro;tmpx;glo;pro
gacc.gl.pro;gacc;glo;pro
ambi.gl.pro;ambi;glo;pro
ksea.gl.pro;ksea;glo;pro
gl.kagr.app-id-25860.pro;kagr;glo;pro
facc.gl.pro;facc;glo;pro
gl.vgol.app-id-1547742.pro;vgol;glo;pro
gl.ugol.app-id-1547721.pro;ugol;glo;pro
gl.sr3c.app-id-1493092.pro;sr3c;glo;pro
gl.sh95.app-id-17356.pro;sh95;glo;pro
gl.pjvt.app-id-208937.pro;pjvt;glo;pro
gl.kscs.app-id-536359.pro;kscs;glo;pro
gl.kscg.app-id-536346.pro;kscg;glo;pro
gl.j6oc.app-id-69057.pro;j6oc;glo;pro
gl.fzpd.app-id-2125440.pro;fzpd;glo;pro
gl.cozp.app-id-814159.pro;cozp;glo;pro
gl.e14w.app-id-234432.pro;e14w;glo;pro
gyef-2.gl.pro;gyef;glo;pro
gl.kadh.app-id-2877538.pro;kadh;glo;pro
gl.tgol.app-id-1547700.pro;tgol;glo;pro
gl.gyef.app-id-2679277.pro;gyef;glo;pro
gyef-1.gl.pro;gyef;glo;pro
gl.kgco.app-id-2732602.pro;kgco;glo;pro
gl.kcmp.app-id-2905952.pro;kcmp;glo;pro
fpcf.gl.pro;fpcf;glo;pro
qetr-6.gl.pro;qetr;glo;pro
eqrm.gl.pro;eqrm;glo;pro
dast.gl.pro;dast;glo;pro
trdt.gl.pro;trdt;glo;pro
ctar.gl.pro;ctar;glo;pro
gl.kllm.app-id-2671886.pro;kllm;glo;pro
gl.kddt.app-id-2882717.pro;kddt;glo;pro
gl.kaap.app-id-2871263.pro;kaap;glo;pro
gl.csrp.app-id-2865266.pro;csrp;glo;pro
gl.uc1z.app-id-1299105.pro;uc1z;glo;pro
gl.xeva.app-id-1973500.pro;xeva;glo;pro
gl.sesg.app-id-2617300.pro;sesg;glo;pro
gl.agpm.app-id-2759336.pro;agpm;glo;pro
gl.cgpm.app-id-2759320.pro;cgpm;glo;pro
gl.cmov.app-id-2755180.pro;cmov;glo;pro
gl.vbok.app-id-850893.pro;vbok;glo;pro
gl.resg.app-id-2733019.pro;resg;glo;pro
gl.frdt.app-id-2705259.pro;frdt;glo;pro
gl.dpag.app-id-2696691.pro;dpag;glo;pro
gl.ksnf.app-id-2693769.pro;ksnf;glo;pro
gl.pgpm.app-id-2689478.pro;pgpm;glo;pro
gl.khpf.app-id-2684377.pro;khpf;glo;pro
gl.jwyr.app-id-2661925.pro;jwyr;glo;pro
gl.sgtb.app-id-2681783.pro;sgtb;glo;pro
gl.mgpm.app-id-2663014.pro;mgpm;glo;pro
gl.egpm.app-id-2662984.pro;egpm;glo;pro
gl.kfid.app-id-2656641.pro;kfid;glo;pro
gl.kgrl.app-id-2651680.pro;kgrl;glo;pro
gl.kwzr.app-id-2559232.pro;kwzr;glo;pro
gl.coce.app-id-2172491.pro;coce;glo;pro
gl.krmc.app-id-2602136.pro;krmc;glo;pro
gl.b43t.app-id-2311358.pro;b43t;glo;pro
gl.d766.app-id-1459162.pro;d766;glo;pro
gl.spr3.app-id-2562122.pro;spr3;glo;pro
gl.katm.app-id-2541662.pro;katm;glo;pro
gl.ksst.app-id-2512982.pro;ksst;glo;pro
gl.krea.app-id-2297717.pro;krea;glo;pro
gl.xrgm.app-id-2500678.pro;xrgm;glo;pro
gl.kai9.app-id-2485724.pro;kai9;glo;pro
gl.kpde.app-id-2476808.pro;kpde;glo;pro
gl.klne.app-id-1906712.pro;klne;glo;pro
gl.lw6v.app-id-2467664.pro;lw6v;glo;pro
gl.hpgr.app-id-2358055.pro;hpgr;glo;pro
gl.kpft.app-id-2401381.pro;kpft;glo;pro
gl.ksrr.app-id-2421226.pro;ksrr;glo;pro
gl.krdt.app-id-2411418.pro;krdt;glo;pro
gl.ffir.app-id-2368238.pro;ffir;glo;pro
gl.kctm.app-id-2351694.pro;kctm;glo;pro
gl.kcag.app-id-2348815.pro;kcag;glo;pro
gl.kcos.app-id-2297789.pro;kcos;glo;pro
gl.grm3.app-id-2290086.pro;grm3;glo;pro
gl.kpay.app-id-2216135.pro;kpay;glo;pro
gl.kclc.app-id-2257716.pro;kclc;glo;pro
gl.tcgp.app-id-2182527.pro;tcgp;glo;pro
gl.kshs.app-id-2240390.pro;kshs;glo;pro
gl.fzjh.app-id-2215216.pro;fzjh;glo;pro
gl.kors.app-id-2183628.pro;kors;glo;pro
gl.fork.app-id-2183656.pro;fork;glo;pro
gl.tcph.app-id-2182634.pro;tcph;glo;pro
gl.kado.app-id-2175371.pro;kado;glo;pro
gl.kada.app-id-2175868.pro;kada;glo;pro
gl.segg.app-id-2170762.pro;segg;glo;pro
gl.rgcc.app-id-2170650.pro;rgcc;glo;pro
gl.kelt.app-id-2143494.pro;kelt;glo;pro
gl.giro.app-id-2106622.pro;giro;glo;pro
gl.sibf.app-id-2088779.pro;sibf;glo;pro
gl.ott3.app-id-2026642.pro;ott3;glo;pro
gl.mhgj.app-id-2043923.pro;mhgj;glo;pro
gl.ricg.app-id-26277.pro;ricg;glo;pro
gl.kcra.app-id-2013013.pro;kcra;glo;pro
gl.xr6z.app-id-755910.pro;xr6z;glo;pro
gl.kdfh.app-id-1995096.pro;kdfh;glo;pro
gl.kpig.app-id-1966957.pro;kpig;glo;pro
gl.kstb.app-id-1919198.pro;kstb;glo;pro
gl.xmts.app-id-1906640.pro;xmts;glo;pro
gl.hfpp.app-id-1888319.pro;hfpp;glo;pro
gl.kplt.app-id-1874166.pro;kplt;glo;pro
gl.kmlt.app-id-928552.pro;kmlt;glo;pro
gl.acfj.app-id-1872253.pro;acfj;glo;pro
gl.proc.app-id-935410.pro;proc;glo;pro
gl.gols.app-id-1843993.pro;gols;glo;pro
gl.krse.app-id-1766616.pro;krse;glo;pro
gl.frtb.app-id-1747570.pro;frtb;glo;pro
gl.knga.app-id-1743891.pro;knga;glo;pro
gl.kpds.app-id-1710642.pro;kpds;glo;pro
gl.kcdg.app-id-1708577.pro;kcdg;glo;pro
gl.mxif.app-id-1681756.pro;mxif;glo;pro
gl.kpar.app-id-1671786.pro;kpar;glo;pro
gl.kale.app-id-1671732.pro;kale;glo;pro
gl.kmnt.app-id-1671695.pro;kmnt;glo;pro
gl.kscr.app-id-1671638.pro;kscr;glo;pro
gl.ktc9.app-id-1670739.pro;ktc9;glo;pro
gl.lphe.app-id-809603.pro;lphe;glo;pro
gl.kcrr.app-id-1637091.pro;kcrr;glo;pro
gl.kira.app-id-1355655.pro;kira;glo;pro
gl.ilar.app-id-1617591.pro;ilar;glo;pro
gl.krit.app-id-1512612.pro;krit;glo;pro
gl.ktes.app-id-1575481.pro;ktes;glo;pro
gl.xcib.app-id-1500583.pro;xcib;glo;pro
gl.tesg.app-id-1041055.pro;tesg;glo;pro
gl.vboq.app-id-1550411.pro;vboq;glo;pro
gl.bjp9.app-id-1542907.pro;bjp9;glo;pro
gl.tlhr.app-id-1120806.pro;tlhr;glo;pro
gl.kmor.app-id-1492510.pro;kmor;glo;pro
gl.ftae.app-id-1476027.pro;ftae;glo;pro
gl.sb4g.app-id-1466392.pro;sb4g;glo;pro
gl.kwdl.app-id-1463363.pro;kwdl;glo;pro
gl.ktkr.app-id-1456587.pro;ktkr;glo;pro
gl.fslb.app-id-1448403.pro;fslb;glo;pro
gl.fctk.app-id-1430443.pro;fctk;glo;pro
gl.fras.app-id-1430461.pro;fras;glo;pro
gl.frei.app-id-1430419.pro;frei;glo;pro
gl.u8cd.app-id-1430325.pro;u8cd;glo;pro
gl.fstm.app-id-1430279.pro;fstm;glo;pro
gl.fgug.app-id-1430452.pro;fgug;glo;pro
gl.fdeo.app-id-1430409.pro;fdeo;glo;pro
gl.fsan.app-id-1430371.pro;fsan;glo;pro
gl.fsag.app-id-1430322.pro;fsag;glo;pro
gl.fbtq.app-id-1430181.pro;fbtq;glo;pro
gl.gh29.app-id-938610.pro;gh29;glo;pro
gl.enzi.app-id-1404327.pro;enzi;glo;pro
gl.ress.app-id-1388874.pro;ress;glo;pro
gl.kmcs.app-id-133346.pro;kmcs;glo;pro
gl.j5mc.app-id-1323345.pro;j5mc;glo;pro
gl.kloc.app-id-1316475.pro;kloc;glo;pro
gl.kise.app-id-1313372.pro;kise;glo;pro
gl.scat.app-id-1302468.pro;scat;glo;pro
gl.kssi.app-id-1034788.pro;kssi;glo;pro
gl.uesg.app-id-1041065.pro;uesg;glo;pro
gl.kncs.app-id-1255167.pro;kncs;glo;pro
gl.esgs.app-id-1249851.pro;esgs;glo;pro
gl.kcpr.app-id-1243847.pro;kcpr;glo;pro
gl.kxfs.app-id-1239882.pro;kxfs;glo;pro
gl.fvnd.app-id-34902.pro;fvnd;glo;pro
gl.l9sv.app-id-1120795.pro;l9sv;glo;pro
gl.rcom.app-id-1144181.pro;rcom;glo;pro
gl.ksci.app-id-536380.pro;ksci;glo;pro
gl.ktcp.app-id-1198915.pro;ktcp;glo;pro
gl.rmic.app-id-1145718.pro;rmic;glo;pro
gl.esge.app-id-864185.pro;esge;glo;pro
gl.vbor.app-id-1094508.pro;vbor;glo;pro
gl.kcca.app-id-1072789.pro;kcca;glo;pro
gl.kttk.app-id-1055940.pro;kttk;glo;pro
gl.kinr.app-id-1055844.pro;kinr;glo;pro
gl.kivg.app-id-1054346.pro;kivg;glo;pro
gl.kffo.app-id-1054295.pro;kffo;glo;pro
gl.kfan.app-id-1054048.pro;kfan;glo;pro
gl.kris.app-id-1041254.pro;kris;glo;pro
gl.z9gr.app-id-966516.pro;z9gr;glo;pro
gl.kpsc.app-id-1034817.pro;kpsc;glo;pro
gl.f30v.app-id-938255.pro;f30v;glo;pro
gl.kalm.app-id-22509.pro;kalm;glo;pro
gl.ktm2.app-id-1021436.pro;ktm2;glo;pro
gl.krba.app-id-1020940.pro;krba;glo;pro
gl.lmr6.app-id-191790.pro;lmr6;glo;pro
gl.hlpq.app-id-915837.pro;hlpq;glo;pro
gl.kpcf.app-id-1003127.pro;kpcf;glo;pro
gl.kcco.app-id-983847.pro;kcco;glo;pro
gl.dime.app-id-975667.pro;dime;glo;pro
gl.knfa.app-id-25589.pro;knfa;glo;pro
gl.ktmt.app-id-945109.pro;ktmt;glo;pro
gl.klth.app-id-927892.pro;klth;glo;pro
gl.qpip.app-id-931670.pro;qpip;glo;pro
gl.agb3.app-id-927143.pro;agb3;glo;pro
gl.kfnh.app-id-798477.pro;kfnh;glo;pro
gl.gxok.app-id-873302.pro;gxok;glo;pro
gl.kptt.app-id-843373.pro;kptt;glo;pro
gl.xtab.app-id-822244.pro;xtab;glo;pro
gl.nols.app-id-820326.pro;nols;glo;pro
gl.inab.app-id-670515.pro;inab;glo;pro
gl.gkxj.app-id-813717.pro;gkxj;glo;pro
gl.knwd.app-id-16594.pro;knwd;glo;pro
gl.o5ra.app-id-710500.pro;o5ra;glo;pro
gl.hdn4.app-id-775433.pro;hdn4;glo;pro
gl.tliq.app-id-623015.pro;tliq;glo;pro
gl.kmig.app-id-764032.pro;kmig;glo;pro
gl.kvcs.app-id-487851.pro;kvcs;glo;pro
gl.ksdd.app-id-16936.pro;ksdd;glo;pro
gl.krlt.app-id-682410.pro;krlt;glo;pro
gl.kiwb.app-id-32912.pro;kiwb;glo;pro
gl.tcgw.app-id-570113.pro;tcgw;glo;pro
gl.duco.app-id-681250.pro;duco;glo;pro
gl.sflt.app-id-659940.pro;sflt;glo;pro
gl.kstr.app-id-645773.pro;kstr;glo;pro
gl.fsbe.app-id-634119.pro;fsbe;glo;pro
gl.xmbr.app-id-631279.pro;xmbr;glo;pro
gl.di4j.app-id-617975.pro;di4j;glo;pro
gl.fiat.app-id-616837.pro;fiat;glo;pro
gl.kagq.app-id-592600.pro;kagq;glo;pro
gl.dtau.app-id-573291.pro;dtau;glo;pro
gl.gaax.app-id-581887.pro;gaax;glo;pro
gl.al11.app-id-576446.pro;al11;glo;pro
gl.do8w.app-id-527820.pro;do8w;glo;pro
gl.gold.app-id-557923.pro;gold;glo;pro
gl.gjsx.app-id-561342.pro;gjsx;glo;pro
gl.rupy.app-id-549570.pro;rupy;glo;pro
gl.sfin.app-id-545923.pro;sfin;glo;pro
gl.kdwr.app-id-33414.pro;kdwr;glo;pro
gl.khra.app-id-529546.pro;khra;glo;pro
gl.kagg.app-id-527972.pro;kagg;glo;pro
gl.gcwv.app-id-519212.pro;gcwv;glo;pro
gl.klea.app-id-508067.pro;klea;glo;pro
gl.kdse.app-id-491578.pro;kdse;glo;pro
gl.sgpm.app-id-489422.pro;sgpm;glo;pro
gl.e5jc.app-id-488815.pro;e5jc;glo;pro
gl.ltce.app-id-457355.pro;ltce;glo;pro
gl.ksbp.app-id-348872.pro;ksbp;glo;pro
gl.ni0c.app-id-234369.pro;ni0c;glo;pro
gl.katt.app-id-17190.pro;katt;glo;pro
gl.iglo.app-id-19686.pro;iglo;glo;pro
gl.dx42.app-id-23581.pro;dx42;glo;pro
gl.slgu.app-id-391536.pro;slgu;glo;pro
gl.kifv.app-id-33173.pro;kifv;glo;pro
gl.kpan.app-id-385678.pro;kpan;glo;pro
gl.ddhc.app-id-382850.pro;ddhc;glo;pro
gl.ifin.app-id-381929.pro;ifin;glo;pro
gl.ktro.app-id-354639.pro;ktro;glo;pro
gl.kdcl.app-id-25012.pro;kdcl;glo;pro
gl.kyat.app-id-372119.pro;kyat;glo;pro
gl.khr1.app-id-19601.pro;khr1;glo;pro
gl.kebt.app-id-262196.pro;kebt;glo;pro
gl.keba.app-id-257675.pro;keba;glo;pro
gl.tllb.app-id-353391.pro;tllb;glo;pro
gl.ktis.app-id-17851.pro;ktis;glo;pro
gl.zp86.app-id-353213.pro;zp86;glo;pro
gl.u82h.app-id-350703.pro;u82h;glo;pro
gl.atau.app-id-328626.pro;atau;glo;pro
gl.cfaj.app-id-320034.pro;cfaj;glo;pro
gl.krns.app-id-192745.pro;krns;glo;pro
gl.xscg.app-id-298042.pro;xscg;glo;pro
gl.bwgn.app-id-261581.pro;bwgn;glo;pro
gl.j6mh.app-id-268401.pro;j6mh;glo;pro
gl.vbod.app-id-266194.pro;vbod;glo;pro
gl.tcgz.app-id-266373.pro;tcgz;glo;pro
gl.tcgy.app-id-266324.pro;tcgy;glo;pro
gl.tcgx.app-id-266243.pro;tcgx;glo;pro
gl.fles.app-id-262032.pro;fles;glo;pro
gl.ktc7.app-id-261353.pro;ktc7;glo;pro
gl.kfnp.app-id-220664.pro;kfnp;glo;pro
gl.kfnc.app-id-220669.pro;kfnc;glo;pro
gl.kfne.app-id-220654.pro;kfne;glo;pro
gl.l9ct.app-id-219787.pro;l9ct;glo;pro
gl.lz1v.app-id-220029.pro;lz1v;glo;pro
gl.katc.app-id-24547.pro;katc;glo;pro
gl.p68x.app-id-206343.pro;p68x;glo;pro
gl.nbv2.app-id-227138.pro;nbv2;glo;pro
gl.amhh.app-id-227180.pro;amhh;glo;pro
gl.envs.app-id-44419.pro;envs;glo;pro
gl.vjwg.app-id-124700.pro;vjwg;glo;pro
gl.tdi3.app-id-76899.pro;tdi3;glo;pro
gl.nm7r.app-id-76889.pro;nm7r;glo;pro
gl.kfnm.app-id-206238.pro;kfnm;glo;pro
gl.kfig.app-id-186259.pro;kfig;glo;pro
gl.trop.app-id-179235.pro;trop;glo;pro
gl.krop.app-id-179146.pro;krop;glo;pro
gl.kros.app-id-179168.pro;kros;glo;pro
gl.yfvh.app-id-168995.pro;yfvh;glo;pro
gl.msx9.app-id-169023.pro;msx9;glo;pro
gl.zqyw.app-id-169033.pro;zqyw;glo;pro
gl.r4fu.app-id-169039.pro;r4fu;glo;pro
gl.p6r1.app-id-169054.pro;p6r1;glo;pro
gl.ejb6.app-id-169045.pro;ejb6;glo;pro
gl.kfna.app-id-160603.pro;kfna;glo;pro
gl.yh2j.app-id-87365.pro;yh2j;glo;pro
gl.zh5h.app-id-126934.pro;zh5h;glo;pro
gl.krhi.app-id-133393.pro;krhi;glo;pro
gl.kpta.app-id-103600.pro;kpta;glo;pro
gl.hg69.app-id-39362.pro;hg69;glo;pro
gl.kaoc.app-id-17846.pro;kaoc;glo;pro
gl.ilur.app-id-111643.pro;ilur;glo;pro
gl.ktc8.app-id-114258.pro;ktc8;glo;pro
gl.kldp.app-id-114220.pro;kldp;glo;pro
gl.vbot.app-id-111803.pro;vbot;glo;pro
gl.xdti.app-id-106318.pro;xdti;glo;pro
gl.iz36.app-id-19332.pro;iz36;glo;pro
gl.kmtf.app-id-88350.pro;kmtf;glo;pro
gl.comp.app-id-22067.pro;comp;glo;pro
gl.karc.app-id-81891.pro;karc;glo;pro
gl.klem.app-id-37660.pro;klem;glo;pro
gl.kler.app-id-37666.pro;kler;glo;pro
gl.komn.app-id-80824.pro;komn;glo;pro
gl.e5a5.app-id-76909.pro;e5a5;glo;pro
gl.kfds.app-id-75286.pro;kfds;glo;pro
gl.kfdc.app-id-75275.pro;kfdc;glo;pro
gl.vbof.app-id-74766.pro;vbof;glo;pro
gl.ksin.app-id-74240.pro;ksin;glo;pro
gl.kinc.app-id-74224.pro;kinc;glo;pro
gl.kdps.app-id-74150.pro;kdps;glo;pro
gl.kdpc.app-id-74138.pro;kdpc;glo;pro
gl.kcms.app-id-74071.pro;kcms;glo;pro
gl.kgbs.app-id-74055.pro;kgbs;glo;pro
gl.kgbc.app-id-74034.pro;kgbc;glo;pro
gl.kfic.app-id-74024.pro;kfic;glo;pro
gl.kcnc.app-id-74013.pro;kcnc;glo;pro
gl.kfis.app-id-74000.pro;kfis;glo;pro
gl.kcns.app-id-73991.pro;kcns;glo;pro
gl.re4m.app-id-73457.pro;re4m;glo;pro
gl.kgsd.app-id-69788.pro;kgsd;glo;pro
gl.unso.app-id-67996.pro;unso;glo;pro
gl.xrei.app-id-67415.pro;xrei;glo;pro
gl.kfpu.app-id-66954.pro;kfpu;glo;pro
gl.ktc6.app-id-66928.pro;ktc6;glo;pro
gl.ktc5.app-id-66913.pro;ktc5;glo;pro
gl.ktc4.app-id-66904.pro;ktc4;glo;pro
gl.ktc3.app-id-66868.pro;ktc3;glo;pro
gl.ktc2.app-id-66858.pro;ktc2;glo;pro
gl.kins.app-id-39405.pro;kins;glo;pro
gl.ketq.app-id-39277.pro;ketq;glo;pro
gl.o1dm.app-id-38849.pro;o1dm;glo;pro
gl.mzc4.app-id-38143.pro;mzc4;glo;pro
gl.il9f.app-id-37649.pro;il9f;glo;pro
gl.kyob.app-id-35744.pro;kyob;glo;pro
gl.kgcc.app-id-34964.pro;kgcc;glo;pro
gl.ktc1.app-id-33374.pro;ktc1;glo;pro
gl.kdsa.app-id-32804.pro;kdsa;glo;pro
gl.pwad.app-id-32342.pro;pwad;glo;pro
gl.f7fu.app-id-23646.pro;f7fu;glo;pro
gl.znlg.app-id-29923.pro;znlg;glo;pro
gl.hkic.app-id-29127.pro;hkic;glo;pro
gl.kapi.app-id-26670.pro;kapi;glo;pro
gl.kgrc.app-id-29319.pro;kgrc;glo;pro
gl.gnp5.app-id-29187.pro;gnp5;glo;pro
gl.bcbs.app-id-28704.pro;bcbs;glo;pro
gl.clm7.app-id-28831.pro;clm7;glo;pro
gl.cccj.app-id-28618.pro;cccj;glo;pro
gl.ktra.app-id-28115.pro;ktra;glo;pro
gl.swd1.app-id-17304.pro;swd1;glo;pro
gl.jv4x.app-id-26988.pro;jv4x;glo;pro
gl.blh2.app-id-25380.pro;blh2;glo;pro
gl.grch.app-id-25419.pro;grch;glo;pro
gl.xpdm.app-id-26752.pro;xpdm;glo;pro
gl.fina.app-id-22847.pro;fina;glo;pro
gl.xrpm.app-id-26305.pro;xrpm;glo;pro
gl.xctd.app-id-26297.pro;xctd;glo;pro
gl.xcha.app-id-26290.pro;xcha;glo;pro
gl.tcge.app-id-26282.pro;tcge;glo;pro
gl.kcob.app-id-26273.pro;kcob;glo;pro
gl.kbmq.app-id-26271.pro;kbmq;glo;pro
gl.ethh.app-id-26270.pro;ethh;glo;pro
gl.arin.app-id-26269.pro;arin;glo;pro
gl.kfcm.app-id-26255.pro;kfcm;glo;pro
gl.kord.app-id-26220.pro;kord;glo;pro
gl.kcpg.app-id-26206.pro;kcpg;glo;pro
gl.ov4b.app-id-25492.pro;ov4b;glo;pro
gl.krec.app-id-25437.pro;krec;glo;pro
gl.egua.app-id-25110.pro;egua;glo;pro
gl.klif.app-id-25252.pro;klif;glo;pro
gl.ktyc.app-id-25042.pro;ktyc;glo;pro
gl.kpha.app-id-24891.pro;kpha;glo;pro
gl.khel.app-id-24801.pro;khel;glo;pro
gl.pj0c.app-id-16445.pro;pj0c;glo;pro
gl.w1bd.app-id-15393.pro;w1bd;glo;pro
gl.na8z.app-id-17889.pro;na8z;glo;pro
gl.kfti.app-id-23901.pro;kfti;glo;pro
gl.kccp.app-id-23885.pro;kccp;glo;pro
gl.kcce.app-id-23835.pro;kcce;glo;pro
gl.kcmc.app-id-23472.pro;kcmc;glo;pro
gl.zo69.app-id-23320.pro;zo69;glo;pro
gl.kgoc.app-id-23284.pro;kgoc;glo;pro
gl.g5m3.app-id-23164.pro;g5m3;glo;pro
gl.cgj7.app-id-23154.pro;cgj7;glo;pro
gl.b0hn.app-id-23103.pro;b0hn;glo;pro
gl.krei.app-id-17921.pro;krei;glo;pro
gl.kpad.app-id-17844.pro;kpad;glo;pro
gl.kctd.app-id-17832.pro;kctd;glo;pro
gl.kctk.app-id-17901.pro;kctk;glo;pro
gl.xdkq.app-id-17879.pro;xdkq;glo;pro
gl.kstm.app-id-17856.pro;kstm;glo;pro
gl.ktae.app-id-17895.pro;ktae;glo;pro
gl.kslb.app-id-17872.pro;kslb;glo;pro
gl.kras.app-id-17913.pro;kras;glo;pro
gl.kork.app-id-17909.pro;kork;glo;pro
gl.kmfi.app-id-17918.pro;kmfi;glo;pro
gl.kgug.app-id-17865.pro;kgug;glo;pro
gl.kcsn.app-id-17842.pro;kcsn;glo;pro
gl.ksag.app-id-17881.pro;ksag;glo;pro
gl.kexc.app-id-17841.pro;kexc;glo;pro
gl.kceg.app-id-22485.pro;kceg;glo;pro
gl.xmce.app-id-21875.pro;xmce;glo;pro
gl.xmig.app-id-21887.pro;xmig;glo;pro
gl.xctk.app-id-21862.pro;xctk;glo;pro
gl.xdrd.app-id-21866.pro;xdrd;glo;pro
gl.ppuc.app-id-21855.pro;ppuc;glo;pro
gl.xset.app-id-21896.pro;xset;glo;pro
gl.test.app-id-21858.pro;test;glo;pro
gl.nztg.app-id-21847.pro;nztg;glo;pro
gl.pocs.app-id-21854.pro;pocs;glo;pro
gl.risk.app-id-21856.pro;risk;glo;pro
gl.kwth.app-id-21839.pro;kwth;glo;pro
gl.krdc.app-id-21828.pro;krdc;glo;pro
gl.ozwo.app-id-21851.pro;ozwo;glo;pro
gl.kpcw.app-id-21817.pro;kpcw;glo;pro
gl.krro.app-id-21833.pro;krro;glo;pro
gl.kgov.app-id-21812.pro;kgov;glo;pro
gl.kdar.app-id-21803.pro;kdar;glo;pro
gl.kdtm.app-id-21807.pro;kdtm;glo;pro
gl.kqpd.app-id-21822.pro;kqpd;glo;pro
gl.kcrt.app-id-21799.pro;kcrt;glo;pro
gl.kalr.app-id-21797.pro;kalr;glo;pro
gl.kplm.app-id-21818.pro;kplm;glo;pro
gl.kpag.app-id-21815.pro;kpag;glo;pro
gl.frau.app-id-21796.pro;frau;glo;pro
gl.fkrh.app-id-21795.pro;fkrh;glo;pro
gl.xrro.app-id-21570.pro;xrro;glo;pro
gl.xplm.app-id-21563.pro;xplm;glo;pro
gl.xpad.app-id-21556.pro;xpad;glo;pro
gl.xmol.app-id-21548.pro;xmol;glo;pro
gl.xivg.app-id-21544.pro;xivg;glo;pro
gl.xfmd.app-id-21530.pro;xfmd;glo;pro
gl.xyat.app-id-21581.pro;xyat;glo;pro
gl.xdip.app-id-21522.pro;xdip;glo;pro
gl.xxbd.app-id-21578.pro;xxbd;glo;pro
gl.xsag.app-id-21573.pro;xsag;glo;pro
gl.xcca.app-id-21507.pro;xcca;glo;pro
gl.xrda.app-id-21567.pro;xrda;glo;pro
gl.xase.app-id-21500.pro;xase;glo;pro
gl.xmqr.app-id-21552.pro;xmqr;glo;pro
gl.xpng.app-id-21565.pro;xpng;glo;pro
gl.xpan.app-id-21560.pro;xpan;glo;pro
gl.sfaa.app-id-21471.pro;sfaa;glo;pro
gl.sdfc.app-id-21466.pro;sdfc;glo;pro
gl.xcsf.app-id-21516.pro;xcsf;glo;pro
gl.xgug.app-id-21538.pro;xgug;glo;pro
gl.xcif.app-id-21512.pro;xcif;glo;pro
gl.rosi.app-id-21450.pro;rosi;glo;pro
gl.xbfp.app-id-21503.pro;xbfp;glo;pro
gl.kwow.app-id-21444.pro;kwow;glo;pro
gl.wave.app-id-21496.pro;wave;glo;pro
gl.rskm.app-id-21459.pro;rskm;glo;pro
gl.rskc.app-id-21452.pro;rskc;glo;pro
gl.kpdt.app-id-21434.pro;kpdt;glo;pro
gl.tcgb.app-id-21492.pro;tcgb;glo;pro
gl.kmsr.app-id-21424.pro;kmsr;glo;pro
gl.tcga.app-id-21479.pro;tcga;glo;pro
gl.kopt.app-id-21428.pro;kopt;glo;pro
gl.kdat.app-id-21391.pro;kdat;glo;pro
gl.ohwa.app-id-21449.pro;ohwa;glo;pro
gl.kirm.app-id-21420.pro;kirm;glo;pro
gl.keei.app-id-21415.pro;keei;glo;pro
gl.lbbi.app-id-21447.pro;lbbi;glo;pro
gl.kcsh.app-id-21388.pro;kcsh;glo;pro
gl.kcha.app-id-21383.pro;kcha;glo;pro
gl.krte.app-id-21441.pro;krte;glo;pro
gl.kdod.app-id-21402.pro;kdod;glo;pro
gl.kddr.app-id-21396.pro;kddr;glo;pro
gl.kcgm.app-id-21378.pro;kcgm;glo;pro
gl.keeg.app-id-21408.pro;keeg;glo;pro
gl.kbkb.app-id-21368.pro;kbkb;glo;pro
gl.kali.app-id-21363.pro;kali;glo;pro
gl.jkli.app-id-21348.pro;jkli;glo;pro
gl.kbre.app-id-21373.pro;kbre;glo;pro
gl.kagf.app-id-21358.pro;kagf;glo;pro
gl.kbrb.app-id-21370.pro;kbrb;glo;pro
gl.grmv.app-id-21339.pro;grmv;glo;pro
gl.iaho.app-id-21343.pro;iaho;glo;pro
gl.kaar.app-id-21353.pro;kaar;glo;pro
gl.gmbi.app-id-21329.pro;gmbi;glo;pro
gl.grma.app-id-21334.pro;grma;glo;pro
gl.escd.app-id-21321.pro;escd;glo;pro
gl.fwhz.app-id-21326.pro;fwhz;glo;pro
gl.ebgc.app-id-21313.pro;ebgc;glo;pro
gl.dslb.app-id-21302.pro;dslb;glo;pro
gl.dsgm.app-id-21297.pro;dsgm;glo;pro
gl.cibo.app-id-21296.pro;cibo;glo;pro
gl.kips.app-id-19986.pro;kips;glo;pro
gl.kifi.app-id-19961.pro;kifi;glo;pro
gl.kida.app-id-19945.pro;kida;glo;pro
gl.kiac.app-id-19929.pro;kiac;glo;pro
gl.kspr.app-id-19866.pro;kspr;glo;pro
gl.kiri.app-id-19904.pro;kiri;glo;pro
gl.kipp.app-id-19886.pro;kipp;glo;pro
gl.samx.app-id-19588.pro;samx;glo;pro
gl.rzua.app-id-19546.pro;rzua;glo;pro
gl.tcgm.app-id-19310.pro;tcgm;glo;pro
gl.tcgk.app-id-19302.pro;tcgk;glo;pro
gl.bsuk.app-id-18545.pro;bsuk;glo;pro
gl.kggt.app-id-19207.pro;kggt;glo;pro
gl.klog.app-id-19175.pro;klog;glo;pro
gl.kygu.app-id-18898.pro;kygu;glo;pro
gl.xdes.app-id-18707.pro;xdes;glo;pro
gl.kzgq.app-id-18620.pro;kzgq;glo;pro
gl.kmyc.app-id-18557.pro;kmyc;glo;pro
gl.kkpf.app-id-18491.pro;kkpf;glo;pro
gl.g9mc.app-id-18353.pro;g9mc;glo;pro
gl.ktny.app-id-17886.pro;ktny;glo;pro
gl.kcog.app-id-17883.pro;kcog;glo;pro
gl.klau.app-id-18186.pro;klau;glo;pro
gl.kval.app-id-18071.pro;kval;glo;pro
gl.gvyg.app-id-18020.pro;gvyg;glo;pro
gl.swlm.app-id-18011.pro;swlm;glo;pro
gl.khrh.app-id-17277.pro;khrh;glo;pro
gl.kdeo.app-id-17137.pro;kdeo;glo;pro
gl.gd3r.app-id-17091.pro;gd3r;glo;pro
gl.kcar.app-id-16924.pro;kcar;glo;pro
gl.krce.app-id-16689.pro;krce;glo;pro
gl.kccm.app-id-23877.pro;kccm;glo;pro
gl.gso9.app-id-16387.pro;gso9;glo;pro
gl.gso8.app-id-16379.pro;gso8;glo;pro
w1bd-pro;w1bd;glo;pro
gl.gvrm.app-id-16124.pro;gvrm;glo;pro
gl.slfr.app-id-12004.pro;slfr;glo;pro
gl.kdit.app-id-15763.pro;kdit;glo;pro
gl.kful.app-id-15706.pro;kful;glo;pro
gl.sfmc.app-id-15555.pro;sfmc;glo;pro
gl.zyop.app-id-15474.pro;zyop;glo;pro
gl.g3da.app-id-15362.pro;g3da;glo;pro
gl.kzxm.app-id-15185.pro;kzxm;glo;pro
gl.kecs.app-id-13902.pro;kecs;glo;pro
gl.ksan.app-id-13224.pro;ksan;glo;pro
gl.kpfm.app-id-9759.pro;kpfm;glo;pro
gl.kmol.app-id-13068.pro;kmol;glo;pro
gl.kbtq.app-id-12852.pro;kbtq;glo;pro
gl.kcdo.app-id-12647.pro;kcdo;glo;pro
gl.vyim.app-id-12446.pro;vyim;glo;pro
ricg-pro;ricg;glo;pro
gl.kusu.app-id-12355.pro;kusu;glo;pro
gl.xht6.app-id-12159.pro;xht6;glo;pro
gl.qwpu.app-id-10662.pro;qwpu;glo;pro
gl.kskr.app-id-11975.pro;kskr;glo;pro
gl.xexc.app-id-11894.pro;xexc;glo;pro
gl.qetr.app-id-9786.pro;qetr;glo;pro
tcg2-pro;tcg2;glo;pro
kpas-pro;kpas;glo;pro
comh-pro;comh;glo;pro
kple-pro;kple;glo;pro
